ID;esq_q1_sem0;esq_q2_sem0;esq_q3_sem0;esq_q4_sem0;esq_q5_sem0;esq_q6_sem0;esq_q7_sem0;esq_q8_sem0;esq_q9_sem0;esq_q10_sem0;esq_q11_sem0;esq_q12_sem0;esq_q13_sem0;esq_q14_sem0;esq_q15_sem0;esq_q16_sem0;esq_q17_sem0;esq_q18_sem0;esq_q19_sem0;esq_q20_sem0;esq_q21_sem0;esq_q22_sem0;esq_q23_sem0;esq_q24_sem0;esq_q25_sem0;F1;SE_F1;escore.cat;F1novo;escore.cat.novo
p001_full;1,0;2,0;1,0;1,0;2,0;0,0;1,0;1,0;2,0;2,0;1,0;2,0;2,0;1,0;0,0;1,0;1,0;1,0;0,0;0,0;2,0;2,0;1,0;1,0;1,0;-0,5168896203865597;0,34186512505074756;boa;224,155518980672;boa
p001_omit_q01;;2,0;1,0;1,0;2,0;0,0;1,0;1,0;2,0;2,0;1,0;2,0;2,0;1,0;0,0;1,0;1,0;1,0;0,0;0,0;2,0;2,0;1,0;1,0;1,0;-0,5890303322687702;0,34778170267736475;boa;220,5484833865615;boa
p001_omit_q02;1,0;;1,0;1,0;2,0;0,0;1,0;1,0;2,0;2,0;1,0;2,0;2,0;1,0;0,0;1,0;1,0;1,0;0,0;0,0;2,0;2,0;1,0;1,0;1,0;-0,5845687188467968;0,3441610998296752;boa;220,77156405766016;boa
p001_omit_q03;1,0;2,0;;1,0;2,0;0,0;1,0;1,0;2,0;2,0;1,0;2,0;2,0;1,0;0,0;1,0;1,0;1,0;0,0;0,0;2,0;2,0;1,0;1,0;1,0;-0,5284837402047153;0,3433286086268822;boa;223,57581298976424;boa
p001_omit_q04;1,0;2,0;1,0;;2,0;0,0;1,0;1,0;2,0;2,0;1,0;2,0;2,0;1,0;0,0;1,0;1,0;1,0;0,0;0,0;2,0;2,0;1,0;1,0;1,0;-0,5203619328112798;0,34251268458881545;boa;223,98190335943602;boa
p001_omit_q05;1,0;2,0;1,0;1,0;;0,0;1,0;1,0;2,0;2,0;1,0;2,0;2,0;1,0;0,0;1,0;1,0;1,0;0,0;0,0;2,0;2,0;1,0;1,0;1,0;-0,5080548517670269;0,349552588777961;boa;224,59725741164866;boa
p001_omit_q06;1,0;2,0;1,0;1,0;2,0;;1,0;1,0;2,0;2,0;1,0;2,0;2,0;1,0;0,0;1,0;1,0;1,0;0,0;0,0;2,0;2,0;1,0;1,0;1,0;-0,47059125991640305;0,3470323670788581;boa;226,47043700417984;boa
p001_omit_q07;1,0;2,0;1,0;1,0;2,0;0,0;;1,0;2,0;2,0;1,0;2,0;2,0;1,0;0,0;1,0;1,0;1,0;0,0;0,0;2,0;2,0;1,0;1,0;1,0;-0,5683550084780726;0,3441831853773301;boa;221,58224957609636;boa
p001_omit_q08;1,0;2,0;1,0;1,0;2,0;0,0;1,0;;2,0;2,0;1,0;2,0;2,0;1,0;0,0;1,0;1,0;1,0;0,0;0,0;2,0;2,0;1,0;1,0;1,0;-0,5972261746834181;0,3430427840782541;boa;220,1386912658291;boa
p001_omit_q09;1,0;2,0;1,0;1,0;2,0;0,0;1,0;1,0;;2,0;1,0;2,0;2,0;1,0;0,0;1,0;1,0;1,0;0,0;0,0;2,0;2,0;1,0;1,0;1,0;-0,6148929124705371;0,34188595636744745;boa;219,25535437647315;boa
p001_omit_q10;1,0;2,0;1,0;1,0;2,0;0,0;1,0;1,0;2,0;;1,0;2,0;2,0;1,0;0,0;1,0;1,0;1,0;0,0;0,0;2,0;2,0;1,0;1,0;1,0;-0,6942596731410107;0,3392114405118757;boa;215,28701634294947;boa
p001_omit_q11;1,0;2,0;1,0;1,0;2,0;0,0;1,0;1,0;2,0;2,0;;2,0;2,0;1,0;0,0;1,0;1,0;1,0;0,0;0,0;2,0;2,0;1,0;1,0;1,0;-0,4290406022705654;0,3580916445148399;boa;228,54796988647172;boa
p001_omit_q12;1,0;2,0;1,0;1,0;2,0;0,0;1,0;1,0;2,0;2,0;1,0;;2,0;1,0;0,0;1,0;1,0;1,0;0,0;0,0;2,0;2,0;1,0;1,0;1,0;-0,5504076467215927;0,3504852361779845;boa;222,47961766392035;boa
p001_omit_q13;1,0;2,0;1,0;1,0;2,0;0,0;1,0;1,0;2,0;2,0;1,0;2,0;;1,0;0,0;1,0;1,0;1,0;0,0;0,0;2,0;2,0;1,0;1,0;1,0;-0,647648259969075;0,3413952447856368;boa;217,61758700154624;boa
p001_omit_q14;1,0;2,0;1,0;1,0;2,0;0,0;1,0;1,0;2,0;2,0;1,0;2,0;2,0;;0,0;1,0;1,0;1,0;0,0;0,0;2,0;2,0;1,0;1,0;1,0;-0,5302519572468241;0,34313820235384423;boa;223,4874021376588;boa
p001_omit_q15;1,0;2,0;1,0;1,0;2,0;0,0;1,0;1,0;2,0;2,0;1,0;2,0;2,0;1,0;;1,0;1,0;1,0;0,0;0,0;2,0;2,0;1,0;1,0;1,0;-0,4417782929478883;0,3494550164598098;boa;227,9110853526056;boa
p001_omit_q16;1,0;2,0;1,0;1,0;2,0;0,0;1,0;1,0;2,0;2,0;1,0;2,0;2,0;1,0;0,0;;1,0;1,0;0,0;0,0;2,0;2,0;1,0;1,0;1,0;-0,5228247653677316;0,34556817536571754;boa;223,8587617316134;boa
p001_omit_q17;1,0;2,0;1,0;1,0;2,0;0,0;1,0;1,0;2,0;2,0;1,0;2,0;2,0;1,0;0,0;1,0;;1,0;0,0;0,0;2,0;2,0;1,0;1,0;1,0;-0,38556642821240517;0,3547664509349129;boa;230,72167858937974;boa
p001_omit_q18;1,0;2,0;1,0;1,0;2,0;0,0;1,0;1,0;2,0;2,0;1,0;2,0;2,0;1,0;0,0;1,0;1,0;;0,0;0,0;2,0;2,0;1,0;1,0;1,0;-0,4735373061397199;0,34687979402248775;boa;226,323134693014;boa
p001_omit_q19;1,0;2,0;1,0;1,0;2,0;0,0;1,0;1,0;2,0;2,0;1,0;2,0;2,0;1,0;0,0;1,0;1,0;1,0;;0,0;2,0;2,0;1,0;1,0;1,0;-0,33746954932252815;0,34811176026958507;boa;233,12652253387358;boa
p001_omit_q20;1,0;2,0;1,0;1,0;2,0;0,0;1,0;1,0;2,0;2,0;1,0;2,0;2,0;1,0;0,0;1,0;1,0;1,0;0,0;;2,0;2,0;1,0;1,0;1,0;-0,41128400213378014;0,360485116805305;boa;229,43579989331099;boa
p001_omit_q21;1,0;2,0;1,0;1,0;2,0;0,0;1,0;1,0;2,0;2,0;1,0;2,0;2,0;1,0;0,0;1,0;1,0;1,0;0,0;0,0;;2,0;1,0;1,0;1,0;-0,6345564627586668;0,3412407586118535;boa;218,27217686206666;boa
p001_omit_q22;1,0;2,0;1,0;1,0;2,0;0,0;1,0;1,0;2,0;2,0;1,0;2,0;2,0;1,0;0,0;1,0;1,0;1,0;0,0;0,0;2,0;;1,0;1,0;1,0;-0,6490605581971156;0,34978465600165404;boa;217,5469720901442;boa
p001_omit_q23;1,0;2,0;1,0;1,0;2,0;0,0;1,0;1,0;2,0;2,0;1,0;2,0;2,0;1,0;0,0;1,0;1,0;1,0;0,0;0,0;2,0;2,0;;1,0;1,0;-0,5253693895527665;0,3508371597163503;boa;223,73153052236168;boa
p001_omit_q24;1,0;2,0;1,0;1,0;2,0;0,0;1,0;1,0;2,0;2,0;1,0;2,0;2,0;1,0;0,0;1,0;1,0;1,0;0,0;0,0;2,0;2,0;1,0;;1,0;-0,3160951030450527;0,35622683842307823;boa;234,19524484774738;boa
p001_omit_q25;1,0;2,0;1,0;1,0;2,0;0,0;1,0;1,0;2,0;2,0;1,0;2,0;2,0;1,0;0,0;1,0;1,0;1,0;0,0;0,0;2,0;2,0;1,0;1,0;;-0,2748478669775499;0,3585416470114595;boa;236,2576066511225;boa
p002_full;1,0;2,0;1,0;0,0;2,0;1,0;2,0;0,0;3,0;3,0;3,0;2,0;2,0;1,0;1,0;2,0;3,0;1,0;2,0;2,0;1,0;1,0;2,0;3,0;3,0;1,0742522324145138;0,3483351082786628;muito boa;303,7126116207257;muito boa
p002_omit_q01;;2,0;1,0;0,0;2,0;1,0;2,0;0,0;3,0;3,0;3,0;2,0;2,0;1,0;1,0;2,0;3,0;1,0;2,0;2,0;1,0;1,0;2,0;3,0;3,0;1,0576571458007267;0,3507419537149667;muito boa;302,8828572900363;muito boa
p002_omit_q02;1,0;;1,0;0,0;2,0;1,0;2,0;0,0;3,0;3,0;3,0;2,0;2,0;1,0;1,0;2,0;3,0;1,0;2,0;2,0;1,0;1,0;2,0;3,0;3,0;1,045220495551502;0,3504014086172738;muito boa;302,26102477757513;muito boa
p002_omit_q03;1,0;2,0;;0,0;2,0;1,0;2,0;0,0;3,0;3,0;3,0;2,0;2,0;1,0;1,0;2,0;3,0;1,0;2,0;2,0;1,0;1,0;2,0;3,0;3,0;1,071694092988698;0,348642045697063;muito boa;303,5847046494349;muito boa
p002_omit_q04;1,0;2,0;1,0;;2,0;1,0;2,0;0,0;3,0;3,0;3,0;2,0;2,0;1,0;1,0;2,0;3,0;1,0;2,0;2,0;1,0;1,0;2,0;3,0;3,0;1,236935891796819;0,35790738961599355;muito boa;311,84679458984095;muito boa
p002_omit_q05;1,0;2,0;1,0;0,0;;1,0;2,0;0,0;3,0;3,0;3,0;2,0;2,0;1,0;1,0;2,0;3,0;1,0;2,0;2,0;1,0;1,0;2,0;3,0;3,0;1,1510453649530195;0,35881723152241285;muito boa;307,552268247651;muito boa
p002_omit_q06;1,0;2,0;1,0;0,0;2,0;;2,0;0,0;3,0;3,0;3,0;2,0;2,0;1,0;1,0;2,0;3,0;1,0;2,0;2,0;1,0;1,0;2,0;3,0;3,0;1,0483665998872886;0,349890692173787;muito boa;302,41832999436446;muito boa
p002_omit_q07;1,0;2,0;1,0;0,0;2,0;1,0;;0,0;3,0;3,0;3,0;2,0;2,0;1,0;1,0;2,0;3,0;1,0;2,0;2,0;1,0;1,0;2,0;3,0;3,0;1,0054379776790914;0,3472632700803186;muito boa;300,2718988839546;muito boa
p002_omit_q08;1,0;2,0;1,0;0,0;2,0;1,0;2,0;;3,0;3,0;3,0;2,0;2,0;1,0;1,0;2,0;3,0;1,0;2,0;2,0;1,0;1,0;2,0;3,0;3,0;1,1516169564153442;0,3572054799605076;muito boa;307,5808478207672;muito boa
p002_omit_q09;1,0;2,0;1,0;0,0;2,0;1,0;2,0;0,0;;3,0;3,0;2,0;2,0;1,0;1,0;2,0;3,0;1,0;2,0;2,0;1,0;1,0;2,0;3,0;3,0;0,9689490230812916;0,345250869137589;muito boa;298,4474511540646;muito boa
p002_omit_q10;1,0;2,0;1,0;0,0;2,0;1,0;2,0;0,0;3,0;;3,0;2,0;2,0;1,0;1,0;2,0;3,0;1,0;2,0;2,0;1,0;1,0;2,0;3,0;3,0;0,8977773865543632;0,34353429721772344;muito boa;294,88886932771817;muito boa
p002_omit_q11;1,0;2,0;1,0;0,0;2,0;1,0;2,0;0,0;3,0;3,0;;2,0;2,0;1,0;1,0;2,0;3,0;1,0;2,0;2,0;1,0;1,0;2,0;3,0;3,0;1,0126489152850764;0,35473786970651555;muito boa;300,6324457642538;muito boa
p002_omit_q12;1,0;2,0;1,0;0,0;2,0;1,0;2,0;0,0;3,0;3,0;3,0;;2,0;1,0;1,0;2,0;3,0;1,0;2,0;2,0;1,0;1,0;2,0;3,0;3,0;1,1360783522037206;0,3611160763342482;muito boa;306,80391761018603;muito boa
p002_omit_q13;1,0;2,0;1,0;0,0;2,0;1,0;2,0;0,0;3,0;3,0;3,0;2,0;;1,0;1,0;2,0;3,0;1,0;2,0;2,0;1,0;1,0;2,0;3,0;3,0;1,006228865016996;0,35577659057658917;muito boa;300,3114432508498;muito boa
p002_omit_q14;1,0;2,0;1,0;0,0;2,0;1,0;2,0;0,0;3,0;3,0;3,0;2,0;2,0;;1,0;2,0;3,0;1,0;2,0;2,0;1,0;1,0;2,0;3,0;3,0;1,0702988521132435;0,34868658424540083;muito boa;303,51494260566216;muito boa
p002_omit_q15;1,0;2,0;1,0;0,0;2,0;1,0;2,0;0,0;3,0;3,0;3,0;2,0;2,0;1,0;;2,0;3,0;1,0;2,0;2,0;1,0;1,0;2,0;3,0;3,0;1,1084559675885004;0,35845134177525123;muito boa;305,422798379425;muito boa
p002_omit_q16;1,0;2,0;1,0;0,0;2,0;1,0;2,0;0,0;3,0;3,0;3,0;2,0;2,0;1,0;1,0;;3,0;1,0;2,0;2,0;1,0;1,0;2,0;3,0;3,0;1,0082013515862542;0,34828871259181615;muito boa;300,4100675793127;muito boa
p002_omit_q17;1,0;2,0;1,0;0,0;2,0;1,0;2,0;0,0;3,0;3,0;3,0;2,0;2,0;1,0;1,0;2,0;;1,0;2,0;2,0;1,0;1,0;2,0;3,0;3,0;0,9648572117053748;0,3531432866871326;muito boa;298,2428605852687;muito boa
p002_omit_q18;1,0;2,0;1,0;0,0;2,0;1,0;2,0;0,0;3,0;3,0;3,0;2,0;2,0;1,0;1,0;2,0;3,0;;2,0;2,0;1,0;1,0;2,0;3,0;3,0;1,14787024588814;0,35468986178808287;muito boa;307,393512294407;muito boa
p002_omit_q19;1,0;2,0;1,0;0,0;2,0;1,0;2,0;0,0;3,0;3,0;3,0;2,0;2,0;1,0;1,0;2,0;3,0;1,0;;2,0;1,0;1,0;2,0;3,0;3,0;1,2174630227395966;0,36674411945478713;muito boa;310,8731511369798;muito boa
p002_omit_q20;1,0;2,0;1,0;0,0;2,0;1,0;2,0;0,0;3,0;3,0;3,0;2,0;2,0;1,0;1,0;2,0;3,0;1,0;2,0;;1,0;1,0;2,0;3,0;3,0;0,980929012516558;0,3587607153467007;muito boa;299,0464506258279;muito boa
p002_omit_q21;1,0;2,0;1,0;0,0;2,0;1,0;2,0;0,0;3,0;3,0;3,0;2,0;2,0;1,0;1,0;2,0;3,0;1,0;2,0;2,0;;1,0;2,0;3,0;3,0;1,1428702051745052;0,36051445821721745;muito boa;307,14351025872526;muito boa
p002_omit_q22;1,0;2,0;1,0;0,0;2,0;1,0;2,0;0,0;3,0;3,0;3,0;2,0;2,0;1,0;1,0;2,0;3,0;1,0;2,0;2,0;1,0;;2,0;3,0;3,0;1,2631896267310625;0,3655206502768813;muito boa;313,15948133655314;muito boa
p002_omit_q23;1,0;2,0;1,0;0,0;2,0;1,0;2,0;0,0;3,0;3,0;3,0;2,0;2,0;1,0;1,0;2,0;3,0;1,0;2,0;2,0;1,0;1,0;;3,0;3,0;1,0054229922276916;0,3524980562467979;muito boa;300,2711496113846;muito boa
p002_omit_q24;1,0;2,0;1,0;0,0;2,0;1,0;2,0;0,0;3,0;3,0;3,0;2,0;2,0;1,0;1,0;2,0;3,0;1,0;2,0;2,0;1,0;1,0;2,0;;3,0;1,0233713338932529;0,35844836606589503;muito boa;301,1685666946627;muito boa
p002_omit_q25;1,0;2,0;1,0;0,0;2,0;1,0;2,0;0,0;3,0;3,0;3,0;2,0;2,0;1,0;1,0;2,0;3,0;1,0;2,0;2,0;1,0;1,0;2,0;3,0;;1,0374165095720405;0,3583568205472403;muito boa;301,870825478602;muito boa
p003_full;0,0;0,0;0,0;0,0;2,0;1,0;2,0;0,0;2,0;3,0;2,0;3,0;3,0;1,0;1,0;2,0;2,0;2,0;2,0;1,0;1,0;1,0;1,0;3,0;2,0;0,09818378980539892;0,3114654194546444;boa;254,90918949026994;boa
p003_omit_q01;;0,0;0,0;0,0;2,0;1,0;2,0;0,0;2,0;3,0;2,0;3,0;3,0;1,0;1,0;2,0;2,0;2,0;2,0;1,0;1,0;1,0;1,0;3,0;2,0;0,19046794382597343;0,31710670820528497;boa;259,52339719129867;boa
p003_omit_q02;0,0;;0,0;0,0;2,0;1,0;2,0;0,0;2,0;3,0;2,0;3,0;3,0;1,0;1,0;2,0;2,0;2,0;2,0;1,0;1,0;1,0;1,0;3,0;2,0;0,17752313376921794;0,3138426812246003;boa;258,8761566884609;boa
p003_omit_q03;0,0;0,0;;0,0;2,0;1,0;2,0;0,0;2,0;3,0;2,0;3,0;3,0;1,0;1,0;2,0;2,0;2,0;2,0;1,0;1,0;1,0;1,0;3,0;2,0;0,19254828285862993;0,3129549087465172;boa;259,6274141429315;boa
p003_omit_q04;0,0;0,0;0,0;;2,0;1,0;2,0;0,0;2,0;3,0;2,0;3,0;3,0;1,0;1,0;2,0;2,0;2,0;2,0;1,0;1,0;1,0;1,0;3,0;2,0;0,2244550179477358;0,312784778367954;boa;261,2227508973868;boa
p003_omit_q05;0,0;0,0;0,0;0,0;;1,0;2,0;0,0;2,0;3,0;2,0;3,0;3,0;1,0;1,0;2,0;2,0;2,0;2,0;1,0;1,0;1,0;1,0;3,0;2,0;0,12704880433184068;0,3171298746207861;boa;256,352440216592;boa
p003_omit_q06;0,0;0,0;0,0;0,0;2,0;;2,0;0,0;2,0;3,0;2,0;3,0;3,0;1,0;1,0;2,0;2,0;2,0;2,0;1,0;1,0;1,0;1,0;3,0;2,0;0,061590283124841015;0,3141676844633832;boa;253,07951415624206;boa
p003_omit_q07;0,0;0,0;0,0;0,0;2,0;1,0;;0,0;2,0;3,0;2,0;3,0;3,0;1,0;1,0;2,0;2,0;2,0;2,0;1,0;1,0;1,0;1,0;3,0;2,0;0,03313387351456906;0,3124681891360634;boa;251,65669367572846;boa
p003_omit_q08;0,0;0,0;0,0;0,0;2,0;1,0;2,0;;2,0;3,0;2,0;3,0;3,0;1,0;1,0;2,0;2,0;2,0;2,0;1,0;1,0;1,0;1,0;3,0;2,0;0,13769170665005856;0,3151269877441991;boa;256,8845853325029;boa
p003_omit_q09;0,0;0,0;0,0;0,0;2,0;1,0;2,0;0,0;;3,0;2,0;3,0;3,0;1,0;1,0;2,0;2,0;2,0;2,0;1,0;1,0;1,0;1,0;3,0;2,0;0,027395397747243685;0,3148238507445535;boa;251,3697698873622;boa
p003_omit_q10;0,0;0,0;0,0;0,0;2,0;1,0;2,0;0,0;2,0;;2,0;3,0;3,0;1,0;1,0;2,0;2,0;2,0;2,0;1,0;1,0;1,0;1,0;3,0;2,0;-0,05647082628069126;0,31223765105028356;boa;247,17645868596543;boa
p003_omit_q11;0,0;0,0;0,0;0,0;2,0;1,0;2,0;0,0;2,0;3,0;;3,0;3,0;1,0;1,0;2,0;2,0;2,0;2,0;1,0;1,0;1,0;1,0;3,0;2,0;0,11362689483260534;0,3244387920677156;boa;255,68134474163026;boa
p003_omit_q12;0,0;0,0;0,0;0,0;2,0;1,0;2,0;0,0;2,0;3,0;2,0;;3,0;1,0;1,0;2,0;2,0;2,0;2,0;1,0;1,0;1,0;1,0;3,0;2,0;0,021600158306887284;0,3150597927366296;boa;251,08000791534437;boa
p003_omit_q13;0,0;0,0;0,0;0,0;2,0;1,0;2,0;0,0;2,0;3,0;2,0;3,0;;1,0;1,0;2,0;2,0;2,0;2,0;1,0;1,0;1,0;1,0;3,0;2,0;-0,023512133595997714;0,3118644123344887;boa;248,8243933202001;boa
p003_omit_q14;0,0;0,0;0,0;0,0;2,0;1,0;2,0;0,0;2,0;3,0;2,0;3,0;3,0;;1,0;2,0;2,0;2,0;2,0;1,0;1,0;1,0;1,0;3,0;2,0;0,0912230324632474;0,31229397239645085;boa;254,56115162316237;boa
p003_omit_q15;0,0;0,0;0,0;0,0;2,0;1,0;2,0;0,0;2,0;3,0;2,0;3,0;3,0;1,0;;2,0;2,0;2,0;2,0;1,0;1,0;1,0;1,0;3,0;2,0;0,08810735196589776;0,3173025623320935;boa;254,4053675982949;boa
p003_omit_q16;0,0;0,0;0,0;0,0;2,0;1,0;2,0;0,0;2,0;3,0;2,0;3,0;3,0;1,0;1,0;;2,0;2,0;2,0;1,0;1,0;1,0;1,0;3,0;2,0;0,03159569564173033;0,31299269827355797;boa;251,5797847820865;boa
p003_omit_q17;0,0;0,0;0,0;0,0;2,0;1,0;2,0;0,0;2,0;3,0;2,0;3,0;3,0;1,0;1,0;2,0;;2,0;2,0;1,0;1,0;1,0;1,0;3,0;2,0;0,10191378315414917;0,31944144084041276;boa;255,09568915770745;boa
p003_omit_q18;0,0;0,0;0,0;0,0;2,0;1,0;2,0;0,0;2,0;3,0;2,0;3,0;3,0;1,0;1,0;2,0;2,0;;2,0;1,0;1,0;1,0;1,0;3,0;2,0;0,07332210492690183;0,31333688863136955;boa;253,6661052463451;boa
p003_omit_q19;0,0;0,0;0,0;0,0;2,0;1,0;2,0;0,0;2,0;3,0;2,0;3,0;3,0;1,0;1,0;2,0;2,0;2,0;;1,0;1,0;1,0;1,0;3,0;2,0;0,15146530155036883;0,3219466791043518;boa;257,57326507751844;boa
p003_omit_q20;0,0;0,0;0,0;0,0;2,0;1,0;2,0;0,0;2,0;3,0;2,0;3,0;3,0;1,0;1,0;2,0;2,0;2,0;2,0;;1,0;1,0;1,0;3,0;2,0;0,08416143915946037;0,3298864115234846;boa;254,208071957973;boa
p003_omit_q21;0,0;0,0;0,0;0,0;2,0;1,0;2,0;0,0;2,0;3,0;2,0;3,0;3,0;1,0;1,0;2,0;2,0;2,0;2,0;1,0;;1,0;1,0;3,0;2,0;0,11522709933987332;0,31718587247456853;boa;255,76135496699368;boa
p003_omit_q22;0,0;0,0;0,0;0,0;2,0;1,0;2,0;0,0;2,0;3,0;2,0;3,0;3,0;1,0;1,0;2,0;2,0;2,0;2,0;1,0;1,0;;1,0;3,0;2,0;0,19355741409388164;0,32455134834384497;boa;259,6778707046941;boa
p003_omit_q23;0,0;0,0;0,0;0,0;2,0;1,0;2,0;0,0;2,0;3,0;2,0;3,0;3,0;1,0;1,0;2,0;2,0;2,0;2,0;1,0;1,0;1,0;;3,0;2,0;0,11845572426922088;0,3186995859132632;boa;255,92278621346105;boa
p003_omit_q24;0,0;0,0;0,0;0,0;2,0;1,0;2,0;0,0;2,0;3,0;2,0;3,0;3,0;1,0;1,0;2,0;2,0;2,0;2,0;1,0;1,0;1,0;1,0;;2,0;-0,021502733042022392;0,3240216709038475;boa;248,92486334789888;boa
p003_omit_q25;0,0;0,0;0,0;0,0;2,0;1,0;2,0;0,0;2,0;3,0;2,0;3,0;3,0;1,0;1,0;2,0;2,0;2,0;2,0;1,0;1,0;1,0;1,0;3,0;;0,20916949893569842;0,3336703518196872;boa;260,4584749467849;boa
p004_full;1,0;2,0;1,0;0,0;2,0;1,0;0,0;0,0;1,0;1,0;1,0;1,0;1,0;0,0;1,0;1,0;2,0;1,0;3,0;1,0;0,0;2,0;0,0;2,0;3,0;-0,19028334921024934;0,29985188102812876;boa;240,48583253948755;boa
p004_omit_q01;;2,0;1,0;0,0;2,0;1,0;0,0;0,0;1,0;1,0;1,0;1,0;1,0;0,0;1,0;1,0;2,0;1,0;3,0;1,0;0,0;2,0;0,0;2,0;3,0;-0,23422832487593595;0,30571495187859354;boa;238,2885837562032;boa
p004_omit_q02;1,0;;1,0;0,0;2,0;1,0;0,0;0,0;1,0;1,0;1,0;1,0;1,0;0,0;1,0;1,0;2,0;1,0;3,0;1,0;0,0;2,0;0,0;2,0;3,0;-0,2361715325318071;0,3035572126475487;boa;238,19142337340963;boa
p004_omit_q03;1,0;2,0;;0,0;2,0;1,0;0,0;0,0;1,0;1,0;1,0;1,0;1,0;0,0;1,0;1,0;2,0;1,0;3,0;1,0;0,0;2,0;0,0;2,0;3,0;-0,19686815956733283;0,3008788926533788;boa;240,15659202163334;boa
p004_omit_q04;1,0;2,0;1,0;;2,0;1,0;0,0;0,0;1,0;1,0;1,0;1,0;1,0;0,0;1,0;1,0;2,0;1,0;3,0;1,0;0,0;2,0;0,0;2,0;3,0;-0,07457645373973161;0,2990088295204006;boa;246,27117731301342;boa
p004_omit_q05;1,0;2,0;1,0;0,0;;1,0;0,0;0,0;1,0;1,0;1,0;1,0;1,0;0,0;1,0;1,0;2,0;1,0;3,0;1,0;0,0;2,0;0,0;2,0;3,0;-0,17321404087028974;0,30459275451553985;boa;241,33929795648552;boa
p004_omit_q06;1,0;2,0;1,0;0,0;2,0;;0,0;0,0;1,0;1,0;1,0;1,0;1,0;0,0;1,0;1,0;2,0;1,0;3,0;1,0;0,0;2,0;0,0;2,0;3,0;-0,2291651873128068;0,3029107397443386;boa;238,54174063435966;boa
p004_omit_q07;1,0;2,0;1,0;0,0;2,0;1,0;;0,0;1,0;1,0;1,0;1,0;1,0;0,0;1,0;1,0;2,0;1,0;3,0;1,0;0,0;2,0;0,0;2,0;3,0;-0,16133390537987752;0,30153194142961054;boa;241,93330473100613;boa
p004_omit_q08;1,0;2,0;1,0;0,0;2,0;1,0;0,0;;1,0;1,0;1,0;1,0;1,0;0,0;1,0;1,0;2,0;1,0;3,0;1,0;0,0;2,0;0,0;2,0;3,0;-0,15953044785702647;0,3023205783405325;boa;242,02347760714866;boa
p004_omit_q09;1,0;2,0;1,0;0,0;2,0;1,0;0,0;0,0;;1,0;1,0;1,0;1,0;0,0;1,0;1,0;2,0;1,0;3,0;1,0;0,0;2,0;0,0;2,0;3,0;-0,22351816767027075;0,30586242392511354;boa;238,82409161648647;boa
p004_omit_q10;1,0;2,0;1,0;0,0;2,0;1,0;0,0;0,0;1,0;;1,0;1,0;1,0;0,0;1,0;1,0;2,0;1,0;3,0;1,0;0,0;2,0;0,0;2,0;3,0;-0,26509770777874375;0,3123831529016229;boa;236,7451146110628;boa
p004_omit_q11;1,0;2,0;1,0;0,0;2,0;1,0;0,0;0,0;1,0;1,0;;1,0;1,0;0,0;1,0;1,0;2,0;1,0;3,0;1,0;0,0;2,0;0,0;2,0;3,0;-0,10701908844847942;0,3063155959726019;boa;244,64904557757603;boa
p004_omit_q12;1,0;2,0;1,0;0,0;2,0;1,0;0,0;0,0;1,0;1,0;1,0;;1,0;0,0;1,0;1,0;2,0;1,0;3,0;1,0;0,0;2,0;0,0;2,0;3,0;-0,13090119343148662;0,3038585581436015;boa;243,45494032842566;boa
p004_omit_q13;1,0;2,0;1,0;0,0;2,0;1,0;0,0;0,0;1,0;1,0;1,0;1,0;;0,0;1,0;1,0;2,0;1,0;3,0;1,0;0,0;2,0;0,0;2,0;3,0;-0,222336803342091;0,30899285515120356;boa;238,88315983289544;boa
p004_omit_q14;1,0;2,0;1,0;0,0;2,0;1,0;0,0;0,0;1,0;1,0;1,0;1,0;1,0;;1,0;1,0;2,0;1,0;3,0;1,0;0,0;2,0;0,0;2,0;3,0;-0,12147078242049025;0,299969407141673;boa;243,9264608789755;boa
p004_omit_q15;1,0;2,0;1,0;0,0;2,0;1,0;0,0;0,0;1,0;1,0;1,0;1,0;1,0;0,0;;1,0;2,0;1,0;3,0;1,0;0,0;2,0;0,0;2,0;3,0;-0,20972218166848544;0,3052423452142403;boa;239,51389091657572;boa
p004_omit_q16;1,0;2,0;1,0;0,0;2,0;1,0;0,0;0,0;1,0;1,0;1,0;1,0;1,0;0,0;1,0;;2,0;1,0;3,0;1,0;0,0;2,0;0,0;2,0;3,0;-0,18940013055716565;0,30245285479082556;boa;240,5299934721417;boa
p004_omit_q17;1,0;2,0;1,0;0,0;2,0;1,0;0,0;0,0;1,0;1,0;1,0;1,0;1,0;0,0;1,0;1,0;;1,0;3,0;1,0;0,0;2,0;0,0;2,0;3,0;-0,20059343400249424;0,3070716871300098;boa;239,9703282998753;boa
p004_omit_q18;1,0;2,0;1,0;0,0;2,0;1,0;0,0;0,0;1,0;1,0;1,0;1,0;1,0;0,0;1,0;1,0;2,0;;3,0;1,0;0,0;2,0;0,0;2,0;3,0;-0,1522471008337024;0,3017077892104728;boa;242,38764495831487;boa
p004_omit_q19;1,0;2,0;1,0;0,0;2,0;1,0;0,0;0,0;1,0;1,0;1,0;1,0;1,0;0,0;1,0;1,0;2,0;1,0;;1,0;0,0;2,0;0,0;2,0;3,0;-0,2937564715096711;0,30734644769302144;boa;235,31217642451645;boa
p004_omit_q20;1,0;2,0;1,0;0,0;2,0;1,0;0,0;0,0;1,0;1,0;1,0;1,0;1,0;0,0;1,0;1,0;2,0;1,0;3,0;;0,0;2,0;0,0;2,0;3,0;-0,23496151798122056;0,31594513208233477;boa;238,25192410093896;boa
p004_omit_q21;1,0;2,0;1,0;0,0;2,0;1,0;0,0;0,0;1,0;1,0;1,0;1,0;1,0;0,0;1,0;1,0;2,0;1,0;3,0;1,0;;2,0;0,0;2,0;3,0;-0,0984191155550468;0,30075963492084756;boa;245,07904422224766;boa
p004_omit_q22;1,0;2,0;1,0;0,0;2,0;1,0;0,0;0,0;1,0;1,0;1,0;1,0;1,0;0,0;1,0;1,0;2,0;1,0;3,0;1,0;0,0;;0,0;2,0;3,0;-0,27347744285426984;0,31045969766623216;boa;236,3261278572865;boa
p004_omit_q23;1,0;2,0;1,0;0,0;2,0;1,0;0,0;0,0;1,0;1,0;1,0;1,0;1,0;0,0;1,0;1,0;2,0;1,0;3,0;1,0;0,0;2,0;;2,0;3,0;-0,09551514548465277;0,301346775908413;boa;245,22424272576737;boa
p004_omit_q24;1,0;2,0;1,0;0,0;2,0;1,0;0,0;0,0;1,0;1,0;1,0;1,0;1,0;0,0;1,0;1,0;2,0;1,0;3,0;1,0;0,0;2,0;0,0;;3,0;-0,151043106862021;0,31341488922875743;boa;242,44784465689895;boa
p004_omit_q25;1,0;2,0;1,0;0,0;2,0;1,0;0,0;0,0;1,0;1,0;1,0;1,0;1,0;0,0;1,0;1,0;2,0;1,0;3,0;1,0;0,0;2,0;0,0;2,0;;-0,3368080781281332;0,3155640117095241;boa;233,15959609359334;boa
p005_full;1,0;2,0;1,0;1,0;2,0;1,0;2,0;1,0;2,0;3,0;3,0;2,0;3,0;1,0;1,0;2,0;3,0;2,0;3,0;2,0;2,0;2,0;1,0;2,0;1,0;1,3334180462759118;0,3761920635539009;muito boa;316,6709023137956;muito boa
p005_omit_q01;;2,0;1,0;1,0;2,0;1,0;2,0;1,0;2,0;3,0;3,0;2,0;3,0;1,0;1,0;2,0;3,0;2,0;3,0;2,0;2,0;2,0;1,0;2,0;1,0;1,3189280679601414;0,37859981093578127;muito boa;315,9464033980071;muito boa
p005_omit_q02;1,0;;1,0;1,0;2,0;1,0;2,0;1,0;2,0;3,0;3,0;2,0;3,0;1,0;1,0;2,0;3,0;2,0;3,0;2,0;2,0;2,0;1,0;2,0;1,0;1,3052875291659518;0,37866215045036467;muito boa;315,2643764582976;muito boa
p005_omit_q03;1,0;2,0;;1,0;2,0;1,0;2,0;1,0;2,0;3,0;3,0;2,0;3,0;1,0;1,0;2,0;3,0;2,0;3,0;2,0;2,0;2,0;1,0;2,0;1,0;1,3310971627278725;0,37650258342588244;muito boa;316,5548581363936;muito boa
p005_omit_q04;1,0;2,0;1,0;;2,0;1,0;2,0;1,0;2,0;3,0;3,0;2,0;3,0;1,0;1,0;2,0;3,0;2,0;3,0;2,0;2,0;2,0;1,0;2,0;1,0;1,333034039914998;0,37626474254448017;muito boa;316,65170199574993;muito boa
p005_omit_q05;1,0;2,0;1,0;1,0;;1,0;2,0;1,0;2,0;3,0;3,0;2,0;3,0;1,0;1,0;2,0;3,0;2,0;3,0;2,0;2,0;2,0;1,0;2,0;1,0;1,4334408031001464;0,3887625168794646;muito boa;321,6720401550073;muito boa
p005_omit_q06;1,0;2,0;1,0;1,0;2,0;;2,0;1,0;2,0;3,0;3,0;2,0;3,0;1,0;1,0;2,0;3,0;2,0;3,0;2,0;2,0;2,0;1,0;2,0;1,0;1,3079172749369337;0,37809323539922185;muito boa;315,39586374684666;muito boa
p005_omit_q07;1,0;2,0;1,0;1,0;2,0;1,0;;1,0;2,0;3,0;3,0;2,0;3,0;1,0;1,0;2,0;3,0;2,0;3,0;2,0;2,0;2,0;1,0;2,0;1,0;1,257692757892078;0,3756432304315039;muito boa;312,8846378946039;muito boa
p005_omit_q08;1,0;2,0;1,0;1,0;2,0;1,0;2,0;;2,0;3,0;3,0;2,0;3,0;1,0;1,0;2,0;3,0;2,0;3,0;2,0;2,0;2,0;1,0;2,0;1,0;1,291559244334972;0,3790662268482408;muito boa;314,5779622167486;muito boa
p005_omit_q09;1,0;2,0;1,0;1,0;2,0;1,0;2,0;1,0;;3,0;3,0;2,0;3,0;1,0;1,0;2,0;3,0;2,0;3,0;2,0;2,0;2,0;1,0;2,0;1,0;1,2874368734441912;0,38452263665316827;muito boa;314,3718436722096;muito boa
p005_omit_q10;1,0;2,0;1,0;1,0;2,0;1,0;2,0;1,0;2,0;;3,0;2,0;3,0;1,0;1,0;2,0;3,0;2,0;3,0;2,0;2,0;2,0;1,0;2,0;1,0;1,1356367001263148;0,37304510131359375;muito boa;306,78183500631576;muito boa
p005_omit_q11;1,0;2,0;1,0;1,0;2,0;1,0;2,0;1,0;2,0;3,0;;2,0;3,0;1,0;1,0;2,0;3,0;2,0;3,0;2,0;2,0;2,0;1,0;2,0;1,0;1,276820234337804;0,3838367291623922;muito boa;313,8410117168902;muito boa
p005_omit_q12;1,0;2,0;1,0;1,0;2,0;1,0;2,0;1,0;2,0;3,0;3,0;;3,0;1,0;1,0;2,0;3,0;2,0;3,0;2,0;2,0;2,0;1,0;2,0;1,0;1,4213659737189606;0,3917213321567579;muito boa;321,06829868594804;muito boa
p005_omit_q13;1,0;2,0;1,0;1,0;2,0;1,0;2,0;1,0;2,0;3,0;3,0;2,0;;1,0;1,0;2,0;3,0;2,0;3,0;2,0;2,0;2,0;1,0;2,0;1,0;1,1719696588491457;0,3713325556544669;muito boa;308,5984829424573;muito boa
p005_omit_q14;1,0;2,0;1,0;1,0;2,0;1,0;2,0;1,0;2,0;3,0;3,0;2,0;3,0;;1,0;2,0;3,0;2,0;3,0;2,0;2,0;2,0;1,0;2,0;1,0;1,329671052856776;0,3765691471830705;muito boa;316,4835526428388;muito boa
p005_omit_q15;1,0;2,0;1,0;1,0;2,0;1,0;2,0;1,0;2,0;3,0;3,0;2,0;3,0;1,0;;2,0;3,0;2,0;3,0;2,0;2,0;2,0;1,0;2,0;1,0;1,387706856216232;0,38936134115527915;muito boa;319,3853428108116;muito boa
p005_omit_q16;1,0;2,0;1,0;1,0;2,0;1,0;2,0;1,0;2,0;3,0;3,0;2,0;3,0;1,0;1,0;;3,0;2,0;3,0;2,0;2,0;2,0;1,0;2,0;1,0;1,262365810605894;0,37694971652077774;muito boa;313,1182905302947;muito boa
p005_omit_q17;1,0;2,0;1,0;1,0;2,0;1,0;2,0;1,0;2,0;3,0;3,0;2,0;3,0;1,0;1,0;2,0;;2,0;3,0;2,0;2,0;2,0;1,0;2,0;1,0;1,2238940859973328;0,3842801181739577;muito boa;311,19470429986666;muito boa
p005_omit_q18;1,0;2,0;1,0;1,0;2,0;1,0;2,0;1,0;2,0;3,0;3,0;2,0;3,0;1,0;1,0;2,0;3,0;;3,0;2,0;2,0;2,0;1,0;2,0;1,0;1,3155870608631894;0,377340309401999;muito boa;315,77935304315946;muito boa
p005_omit_q19;1,0;2,0;1,0;1,0;2,0;1,0;2,0;1,0;2,0;3,0;3,0;2,0;3,0;1,0;1,0;2,0;3,0;2,0;;2,0;2,0;2,0;1,0;2,0;1,0;1,2849443528376778;0,3841776817262338;muito boa;314,2472176418839;muito boa
p005_omit_q20;1,0;2,0;1,0;1,0;2,0;1,0;2,0;1,0;2,0;3,0;3,0;2,0;3,0;1,0;1,0;2,0;3,0;2,0;3,0;;2,0;2,0;1,0;2,0;1,0;1,249151803303827;0,38924437452062133;muito boa;312,45759016519133;muito boa
p005_omit_q21;1,0;2,0;1,0;1,0;2,0;1,0;2,0;1,0;2,0;3,0;3,0;2,0;3,0;1,0;1,0;2,0;3,0;2,0;3,0;2,0;;2,0;1,0;2,0;1,0;1,2594233041106355;0,38091029663266357;muito boa;312,97116520553175;muito boa
p005_omit_q22;1,0;2,0;1,0;1,0;2,0;1,0;2,0;1,0;2,0;3,0;3,0;2,0;3,0;1,0;1,0;2,0;3,0;2,0;3,0;2,0;2,0;;1,0;2,0;1,0;1,3125813836167182;0,3809504206506294;muito boa;315,6290691808359;muito boa
p005_omit_q23;1,0;2,0;1,0;1,0;2,0;1,0;2,0;1,0;2,0;3,0;3,0;2,0;3,0;1,0;1,0;2,0;3,0;2,0;3,0;2,0;2,0;2,0;;2,0;1,0;1,4457085548628077;0,39323785984087695;muito boa;322,2854277431404;muito boa
p005_omit_q24;1,0;2,0;1,0;1,0;2,0;1,0;2,0;1,0;2,0;3,0;3,0;2,0;3,0;1,0;1,0;2,0;3,0;2,0;3,0;2,0;2,0;2,0;1,0;;1,0;1,586943074131787;0,40092901084259575;muito boa;329,3471537065893;muito boa
p005_omit_q25;1,0;2,0;1,0;1,0;2,0;1,0;2,0;1,0;2,0;3,0;3,0;2,0;3,0;1,0;1,0;2,0;3,0;2,0;3,0;2,0;2,0;2,0;1,0;2,0;;1,666128223789793;0,3968221349421501;muito boa;333,30641118948967;muito boa
p006_full;1,0;2,0;1,0;0,0;2,0;0,0;1,0;1,0;1,0;0,0;2,0;2,0;1,0;0,0;1,0;1,0;2,0;1,0;3,0;1,0;0,0;1,0;0,0;3,0;2,0;-0,26110322309577594;0,2939329645910966;boa;236,9448388452112;boa
p006_omit_q01;;2,0;1,0;0,0;2,0;0,0;1,0;1,0;1,0;0,0;2,0;2,0;1,0;0,0;1,0;1,0;2,0;1,0;3,0;1,0;0,0;1,0;0,0;3,0;2,0;-0,30565284129634107;0,299561169926275;boa;234,71735793518295;boa
p006_omit_q02;1,0;;1,0;0,0;2,0;0,0;1,0;1,0;1,0;0,0;2,0;2,0;1,0;0,0;1,0;1,0;2,0;1,0;3,0;1,0;0,0;1,0;0,0;3,0;2,0;-0,30654993451681434;0,2973919442978946;boa;234,67250327415928;boa
p006_omit_q03;1,0;2,0;;0,0;2,0;0,0;1,0;1,0;1,0;0,0;2,0;2,0;1,0;0,0;1,0;1,0;2,0;1,0;3,0;1,0;0,0;1,0;0,0;3,0;2,0;-0,26785454942286135;0,2949552338756715;boa;236,60727252885692;boa
p006_omit_q04;1,0;2,0;1,0;;2,0;0,0;1,0;1,0;1,0;0,0;2,0;2,0;1,0;0,0;1,0;1,0;2,0;1,0;3,0;1,0;0,0;1,0;0,0;3,0;2,0;-0,15005876377217406;0,29302934428459065;boa;242,4970618113913;boa
p006_omit_q05;1,0;2,0;1,0;0,0;;0,0;1,0;1,0;1,0;0,0;2,0;2,0;1,0;0,0;1,0;1,0;2,0;1,0;3,0;1,0;0,0;1,0;0,0;3,0;2,0;-0,24695366245049896;0,29841477295775165;boa;237,65231687747504;boa
p006_omit_q06;1,0;2,0;1,0;0,0;2,0;;1,0;1,0;1,0;0,0;2,0;2,0;1,0;0,0;1,0;1,0;2,0;1,0;3,0;1,0;0,0;1,0;0,0;3,0;2,0;-0,22336032029176123;0,29589009046006987;boa;238,83198398541194;boa
p006_omit_q07;1,0;2,0;1,0;0,0;2,0;0,0;;1,0;1,0;0,0;2,0;2,0;1,0;0,0;1,0;1,0;2,0;1,0;3,0;1,0;0,0;1,0;0,0;3,0;2,0;-0,29498447559887137;0,2970292804907627;boa;235,25077622005642;boa
p006_omit_q08;1,0;2,0;1,0;0,0;2,0;0,0;1,0;;1,0;0,0;2,0;2,0;1,0;0,0;1,0;1,0;2,0;1,0;3,0;1,0;0,0;1,0;0,0;3,0;2,0;-0,31680900265809103;0,2971660429697189;boa;234,15954986709545;boa
p006_omit_q09;1,0;2,0;1,0;0,0;2,0;0,0;1,0;1,0;;0,0;2,0;2,0;1,0;0,0;1,0;1,0;2,0;1,0;3,0;1,0;0,0;1,0;0,0;3,0;2,0;-0,29550070583375204;0,29947187084326937;boa;235,2249647083124;boa
p006_omit_q10;1,0;2,0;1,0;0,0;2,0;0,0;1,0;1,0;1,0;;2,0;2,0;1,0;0,0;1,0;1,0;2,0;1,0;3,0;1,0;0,0;1,0;0,0;3,0;2,0;-0,20055686012905374;0,30134045822612443;boa;239,97215699354732;boa
p006_omit_q11;1,0;2,0;1,0;0,0;2,0;0,0;1,0;1,0;1,0;0,0;;2,0;1,0;0,0;1,0;1,0;2,0;1,0;3,0;1,0;0,0;1,0;0,0;3,0;2,0;-0,274287549828224;0,30474671566157924;boa;236,2856225085888;boa
p006_omit_q12;1,0;2,0;1,0;0,0;2,0;0,0;1,0;1,0;1,0;0,0;2,0;;1,0;0,0;1,0;1,0;2,0;1,0;3,0;1,0;0,0;1,0;0,0;3,0;2,0;-0,2753831954129944;0,3004708218980095;boa;236,2308402293503;boa
p006_omit_q13;1,0;2,0;1,0;0,0;2,0;0,0;1,0;1,0;1,0;0,0;2,0;2,0;;0,0;1,0;1,0;2,0;1,0;3,0;1,0;0,0;1,0;0,0;3,0;2,0;-0,29577600791813297;0,302409833441272;boa;235,21119960409334;boa
p006_omit_q14;1,0;2,0;1,0;0,0;2,0;0,0;1,0;1,0;1,0;0,0;2,0;2,0;1,0;;1,0;1,0;2,0;1,0;3,0;1,0;0,0;1,0;0,0;3,0;2,0;-0,19538397939793178;0,29407056657108427;boa;240,2308010301034;boa
p006_omit_q15;1,0;2,0;1,0;0,0;2,0;0,0;1,0;1,0;1,0;0,0;2,0;2,0;1,0;0,0;;1,0;2,0;1,0;3,0;1,0;0,0;1,0;0,0;3,0;2,0;-0,2820731659168128;0,29899256781624317;boa;235,89634170415937;boa
p006_omit_q16;1,0;2,0;1,0;0,0;2,0;0,0;1,0;1,0;1,0;0,0;2,0;2,0;1,0;0,0;1,0;;2,0;1,0;3,0;1,0;0,0;1,0;0,0;3,0;2,0;-0,26142833780528946;0,2963840524047811;boa;236,92858310973554;boa
p006_omit_q17;1,0;2,0;1,0;0,0;2,0;0,0;1,0;1,0;1,0;0,0;2,0;2,0;1,0;0,0;1,0;1,0;;1,0;3,0;1,0;0,0;1,0;0,0;3,0;2,0;-0,2741954412686171;0,30080141464942456;boa;236,29022793656915;boa
p006_omit_q18;1,0;2,0;1,0;0,0;2,0;0,0;1,0;1,0;1,0;0,0;2,0;2,0;1,0;0,0;1,0;1,0;2,0;;3,0;1,0;0,0;1,0;0,0;3,0;2,0;-0,22560923718307538;0,29573067871256753;boa;238,71953814084623;boa
p006_omit_q19;1,0;2,0;1,0;0,0;2,0;0,0;1,0;1,0;1,0;0,0;2,0;2,0;1,0;0,0;1,0;1,0;2,0;1,0;;1,0;0,0;1,0;0,0;3,0;2,0;-0,3630583886400294;0,3007077212841201;boa;231,84708056799855;boa
p006_omit_q20;1,0;2,0;1,0;0,0;2,0;0,0;1,0;1,0;1,0;0,0;2,0;2,0;1,0;0,0;1,0;1,0;2,0;1,0;3,0;;0,0;1,0;0,0;3,0;2,0;-0,3109239853365041;0,3088213262944588;boa;234,4538007331748;boa
p006_omit_q21;1,0;2,0;1,0;0,0;2,0;0,0;1,0;1,0;1,0;0,0;2,0;2,0;1,0;0,0;1,0;1,0;2,0;1,0;3,0;1,0;;1,0;0,0;3,0;2,0;-0,1737148415541255;0,2948328747631407;boa;241,31425792229373;boa
p006_omit_q22;1,0;2,0;1,0;0,0;2,0;0,0;1,0;1,0;1,0;0,0;2,0;2,0;1,0;0,0;1,0;1,0;2,0;1,0;3,0;1,0;0,0;;0,0;3,0;2,0;-0,2054965897474793;0,3055121272071036;boa;239,72517051262602;boa
p006_omit_q23;1,0;2,0;1,0;0,0;2,0;0,0;1,0;1,0;1,0;0,0;2,0;2,0;1,0;0,0;1,0;1,0;2,0;1,0;3,0;1,0;0,0;1,0;;3,0;2,0;-0,17121960404089637;0,29540854856216225;boa;241,43901979795518;boa
p006_omit_q24;1,0;2,0;1,0;0,0;2,0;0,0;1,0;1,0;1,0;0,0;2,0;2,0;1,0;0,0;1,0;1,0;2,0;1,0;3,0;1,0;0,0;1,0;0,0;;2,0;-0,39097891967699006;0,30376562050586153;boa;230,4510540161505;boa
p006_omit_q25;1,0;2,0;1,0;0,0;2,0;0,0;1,0;1,0;1,0;0,0;2,0;2,0;1,0;0,0;1,0;1,0;2,0;1,0;3,0;1,0;0,0;1,0;0,0;3,0;;-0,21043097164503044;0,3116822600865668;boa;239,4784514177485;boa
p007_full;1,0;2,0;1,0;1,0;3,0;0,0;0,0;1,0;1,0;1,0;3,0;2,0;3,0;1,0;1,0;1,0;2,0;1,0;2,0;2,0;2,0;2,0;1,0;1,0;1,0;0,3111349361358059;0,3371480351827616;boa;265,5567468067903;boa
p007_omit_q01;;2,0;1,0;1,0;3,0;0,0;0,0;1,0;1,0;1,0;3,0;2,0;3,0;1,0;1,0;1,0;2,0;1,0;2,0;2,0;2,0;2,0;1,0;1,0;1,0;0,27535982056255337;0,3428330229163408;boa;263,76799102812765;boa
p007_omit_q02;1,0;;1,0;1,0;3,0;0,0;0,0;1,0;1,0;1,0;3,0;2,0;3,0;1,0;1,0;1,0;2,0;1,0;2,0;2,0;2,0;2,0;1,0;1,0;1,0;0,26611573751767065;0,3412082786222172;boa;263,30578687588354;boa
p007_omit_q03;1,0;2,0;;1,0;3,0;0,0;0,0;1,0;1,0;1,0;3,0;2,0;3,0;1,0;1,0;1,0;2,0;1,0;2,0;2,0;2,0;2,0;1,0;1,0;1,0;0,3059671218772642;0,3379757029319424;boa;265,2983560938632;boa
p007_omit_q04;1,0;2,0;1,0;;3,0;0,0;0,0;1,0;1,0;1,0;3,0;2,0;3,0;1,0;1,0;1,0;2,0;1,0;2,0;2,0;2,0;2,0;1,0;1,0;1,0;0,3099639870304014;0,33739984491704617;boa;265,49819935152004;boa
p007_omit_q05;1,0;2,0;1,0;1,0;;0,0;0,0;1,0;1,0;1,0;3,0;2,0;3,0;1,0;1,0;1,0;2,0;1,0;2,0;2,0;2,0;2,0;1,0;1,0;1,0;0,24540739336149822;0,34174219842419895;boa;262,2703696680749;boa
p007_omit_q06;1,0;2,0;1,0;1,0;3,0;;0,0;1,0;1,0;1,0;3,0;2,0;3,0;1,0;1,0;1,0;2,0;1,0;2,0;2,0;2,0;2,0;1,0;1,0;1,0;0,37327455739035786;0,3409809592921105;boa;268,6637278695179;boa
p007_omit_q07;1,0;2,0;1,0;1,0;3,0;0,0;;1,0;1,0;1,0;3,0;2,0;3,0;1,0;1,0;1,0;2,0;1,0;2,0;2,0;2,0;2,0;1,0;1,0;1,0;0,35679777969980747;0,34043766349168925;boa;267,83988898499035;boa
p007_omit_q08;1,0;2,0;1,0;1,0;3,0;0,0;0,0;;1,0;1,0;3,0;2,0;3,0;1,0;1,0;1,0;2,0;1,0;2,0;2,0;2,0;2,0;1,0;1,0;1,0;0,2518419995075657;0,3411980373265792;boa;262,5920999753783;boa
p007_omit_q09;1,0;2,0;1,0;1,0;3,0;0,0;0,0;1,0;;1,0;3,0;2,0;3,0;1,0;1,0;1,0;2,0;1,0;2,0;2,0;2,0;2,0;1,0;1,0;1,0;0,29449096319263984;0,34595180035636486;boa;264,724548159632;boa
p007_omit_q10;1,0;2,0;1,0;1,0;3,0;0,0;0,0;1,0;1,0;;3,0;2,0;3,0;1,0;1,0;1,0;2,0;1,0;2,0;2,0;2,0;2,0;1,0;1,0;1,0;0,27181809657848965;0,35692871788472463;boa;263,59090482892447;boa
p007_omit_q11;1,0;2,0;1,0;1,0;3,0;0,0;0,0;1,0;1,0;1,0;;2,0;3,0;1,0;1,0;1,0;2,0;1,0;2,0;2,0;2,0;2,0;1,0;1,0;1,0;0,20914623184577055;0,34580307453001996;boa;260,45731159228853;boa
p007_omit_q12;1,0;2,0;1,0;1,0;3,0;0,0;0,0;1,0;1,0;1,0;3,0;;3,0;1,0;1,0;1,0;2,0;1,0;2,0;2,0;2,0;2,0;1,0;1,0;1,0;0,325971180106451;0,34702639609960056;boa;266,29855900532255;boa
p007_omit_q13;1,0;2,0;1,0;1,0;3,0;0,0;0,0;1,0;1,0;1,0;3,0;2,0;;1,0;1,0;1,0;2,0;1,0;2,0;2,0;2,0;2,0;1,0;1,0;1,0;0,16950365421972027;0,3374416969691547;boa;258,475182710986;boa
p007_omit_q14;1,0;2,0;1,0;1,0;3,0;0,0;0,0;1,0;1,0;1,0;3,0;2,0;3,0;;1,0;1,0;2,0;1,0;2,0;2,0;2,0;2,0;1,0;1,0;1,0;0,30420027053952875;0,33804175501547157;boa;265,2100135269764;boa
p007_omit_q15;1,0;2,0;1,0;1,0;3,0;0,0;0,0;1,0;1,0;1,0;3,0;2,0;3,0;1,0;;1,0;2,0;1,0;2,0;2,0;2,0;2,0;1,0;1,0;1,0;0,30866864964299806;0,3445822219347639;boa;265,4334324821499;boa
p007_omit_q16;1,0;2,0;1,0;1,0;3,0;0,0;0,0;1,0;1,0;1,0;3,0;2,0;3,0;1,0;1,0;;2,0;1,0;2,0;2,0;2,0;2,0;1,0;1,0;1,0;0,3235273127376064;0,34104112166811773;boa;266,1763656368803;boa
p007_omit_q17;1,0;2,0;1,0;1,0;3,0;0,0;0,0;1,0;1,0;1,0;3,0;2,0;3,0;1,0;1,0;1,0;;1,0;2,0;2,0;2,0;2,0;1,0;1,0;1,0;0,3285275814135078;0,34760860987237086;boa;266,4263790706754;boa
p007_omit_q18;1,0;2,0;1,0;1,0;3,0;0,0;0,0;1,0;1,0;1,0;3,0;2,0;3,0;1,0;1,0;1,0;2,0;;2,0;2,0;2,0;2,0;1,0;1,0;1,0;0,3685308142736419;0,3403108108846295;boa;268,4265407136821;boa
p007_omit_q19;1,0;2,0;1,0;1,0;3,0;0,0;0,0;1,0;1,0;1,0;3,0;2,0;3,0;1,0;1,0;1,0;2,0;1,0;;2,0;2,0;2,0;1,0;1,0;1,0;0,39057201520339563;0,35045326803610566;boa;269,52860076016975;boa
p007_omit_q20;1,0;2,0;1,0;1,0;3,0;0,0;0,0;1,0;1,0;1,0;3,0;2,0;3,0;1,0;1,0;1,0;2,0;1,0;2,0;;2,0;2,0;1,0;1,0;1,0;0,16084807125127962;0,3472953043653241;boa;258,042403562564;boa
p007_omit_q21;1,0;2,0;1,0;1,0;3,0;0,0;0,0;1,0;1,0;1,0;3,0;2,0;3,0;1,0;1,0;1,0;2,0;1,0;2,0;2,0;;2,0;1,0;1,0;1,0;0,2145788279271373;0,3417897809919203;boa;260,72894139635684;boa
p007_omit_q22;1,0;2,0;1,0;1,0;3,0;0,0;0,0;1,0;1,0;1,0;3,0;2,0;3,0;1,0;1,0;1,0;2,0;1,0;2,0;2,0;2,0;;1,0;1,0;1,0;0,24460804210777504;0,34900783851529904;boa;262,23040210538875;boa
p007_omit_q23;1,0;2,0;1,0;1,0;3,0;0,0;0,0;1,0;1,0;1,0;3,0;2,0;3,0;1,0;1,0;1,0;2,0;1,0;2,0;2,0;2,0;2,0;;1,0;1,0;0,34653045614718125;0,34643556580887713;boa;267,3265228073591;boa
p007_omit_q24;1,0;2,0;1,0;1,0;3,0;0,0;0,0;1,0;1,0;1,0;3,0;2,0;3,0;1,0;1,0;1,0;2,0;1,0;2,0;2,0;2,0;2,0;1,0;;1,0;0,5239472941425981;0,34112676974538436;muito boa;276,1973647071299;muito boa
p007_omit_q25;1,0;2,0;1,0;1,0;3,0;0,0;0,0;1,0;1,0;1,0;3,0;2,0;3,0;1,0;1,0;1,0;2,0;1,0;2,0;2,0;2,0;2,0;1,0;1,0;;0,5630878653603113;0,341452615961272;muito boa;278,15439326801555;muito boa
p008_full;0,0;0,0;1,0;1,0;2,0;1,0;1,0;0,0;2,0;3,0;1,0;2,0;2,0;0,0;2,0;1,0;0,0;1,0;0,0;1,0;2,0;0,0;0,0;0,0;0,0;-1,1996081612257685;0,3735605693843009;ruim;190,01959193871159;ruim
p008_omit_q01;;0,0;1,0;1,0;2,0;1,0;1,0;0,0;2,0;3,0;1,0;2,0;2,0;0,0;2,0;1,0;0,0;1,0;0,0;1,0;2,0;0,0;0,0;0,0;0,0;-1,1356270695459447;0,38478975707594115;ruim;193,21864652270276;ruim
p008_omit_q02;0,0;;1,0;1,0;2,0;1,0;1,0;0,0;2,0;3,0;1,0;2,0;2,0;0,0;2,0;1,0;0,0;1,0;0,0;1,0;2,0;0,0;0,0;0,0;0,0;-1,1151028475396518;0,38095031785508926;ruim;194,24485762301742;ruim
p008_omit_q03;0,0;0,0;;1,0;2,0;1,0;1,0;0,0;2,0;3,0;1,0;2,0;2,0;0,0;2,0;1,0;0,0;1,0;0,0;1,0;2,0;0,0;0,0;0,0;0,0;-1,2252006119112264;0,37695432170614507;ruim;188,73996940443868;ruim
p008_omit_q04;0,0;0,0;1,0;;2,0;1,0;1,0;0,0;2,0;3,0;1,0;2,0;2,0;0,0;2,0;1,0;0,0;1,0;0,0;1,0;2,0;0,0;0,0;0,0;0,0;-1,2096234168569244;0,3756261107977987;ruim;189,5188291571538;ruim
p008_omit_q05;0,0;0,0;1,0;1,0;;1,0;1,0;0,0;2,0;3,0;1,0;2,0;2,0;0,0;2,0;1,0;0,0;1,0;0,0;1,0;2,0;0,0;0,0;0,0;0,0;-1,2248644959857977;0,382546026479999;ruim;188,7567752007101;ruim
p008_omit_q06;0,0;0,0;1,0;1,0;2,0;;1,0;0,0;2,0;3,0;1,0;2,0;2,0;0,0;2,0;1,0;0,0;1,0;0,0;1,0;2,0;0,0;0,0;0,0;0,0;-1,284642113307822;0,37572557162780396;ruim;185,7678943346089;ruim
p008_omit_q07;0,0;0,0;1,0;1,0;2,0;1,0;;0,0;2,0;3,0;1,0;2,0;2,0;0,0;2,0;1,0;0,0;1,0;0,0;1,0;2,0;0,0;0,0;0,0;0,0;-1,2773502954157858;0,3755847252204584;ruim;186,13248522921072;ruim
p008_omit_q08;0,0;0,0;1,0;1,0;2,0;1,0;1,0;;2,0;3,0;1,0;2,0;2,0;0,0;2,0;1,0;0,0;1,0;0,0;1,0;2,0;0,0;0,0;0,0;0,0;-1,1754690694137337;0,3775981030219371;ruim;191,2265465293133;ruim
p008_omit_q09;0,0;0,0;1,0;1,0;2,0;1,0;1,0;0,0;;3,0;1,0;2,0;2,0;0,0;2,0;1,0;0,0;1,0;0,0;1,0;2,0;0,0;0,0;0,0;0,0;-1,3276343563234543;0,37288793780030083;ruim;183,6182821838273;ruim
p008_omit_q10;0,0;0,0;1,0;1,0;2,0;1,0;1,0;0,0;2,0;;1,0;2,0;2,0;0,0;2,0;1,0;0,0;1,0;0,0;1,0;2,0;0,0;0,0;0,0;0,0;-1,4228186995436487;0,3688199634808941;ruim;178,85906502281756;ruim
p008_omit_q11;0,0;0,0;1,0;1,0;2,0;1,0;1,0;0,0;2,0;3,0;;2,0;2,0;0,0;2,0;1,0;0,0;1,0;0,0;1,0;2,0;0,0;0,0;0,0;0,0;-1,1709160964244771;0,396594282222532;ruim;191,45419517877616;ruim
p008_omit_q12;0,0;0,0;1,0;1,0;2,0;1,0;1,0;0,0;2,0;3,0;1,0;;2,0;0,0;2,0;1,0;0,0;1,0;0,0;1,0;2,0;0,0;0,0;0,0;0,0;-1,28230913636347;0,38169786696064517;ruim;185,8845431818265;ruim
p008_omit_q13;0,0;0,0;1,0;1,0;2,0;1,0;1,0;0,0;2,0;3,0;1,0;2,0;;0,0;2,0;1,0;0,0;1,0;0,0;1,0;2,0;0,0;0,0;0,0;0,0;-1,367677798517836;0,37191831169778083;ruim;181,61611007410818;ruim
p008_omit_q14;0,0;0,0;1,0;1,0;2,0;1,0;1,0;0,0;2,0;3,0;1,0;2,0;2,0;;2,0;1,0;0,0;1,0;0,0;1,0;2,0;0,0;0,0;0,0;0,0;-1,1042447798487403;0,37863400571111566;ruim;194,78776100756298;ruim
p008_omit_q15;0,0;0,0;1,0;1,0;2,0;1,0;1,0;0,0;2,0;3,0;1,0;2,0;2,0;0,0;;1,0;0,0;1,0;0,0;1,0;2,0;0,0;0,0;0,0;0,0;-1,3381192897417278;0,37181030457031655;ruim;183,0940355129136;ruim
p008_omit_q16;0,0;0,0;1,0;1,0;2,0;1,0;1,0;0,0;2,0;3,0;1,0;2,0;2,0;0,0;2,0;;0,0;1,0;0,0;1,0;2,0;0,0;0,0;0,0;0,0;-1,2257954809704694;0,37824939654823403;ruim;188,71022595147653;ruim
p008_omit_q17;0,0;0,0;1,0;1,0;2,0;1,0;1,0;0,0;2,0;3,0;1,0;2,0;2,0;0,0;2,0;1,0;;1,0;0,0;1,0;2,0;0,0;0,0;0,0;0,0;-1,005747974735104;0,3812510191610337;ruim;199,7126012632448;ruim
p008_omit_q18;0,0;0,0;1,0;1,0;2,0;1,0;1,0;0,0;2,0;3,0;1,0;2,0;2,0;0,0;2,0;1,0;0,0;;0,0;1,0;2,0;0,0;0,0;0,0;0,0;-1,166688593592094;0,37965064526017156;ruim;191,6655703203953;ruim
p008_omit_q19;0,0;0,0;1,0;1,0;2,0;1,0;1,0;0,0;2,0;3,0;1,0;2,0;2,0;0,0;2,0;1,0;0,0;1,0;;1,0;2,0;0,0;0,0;0,0;0,0;-0,9920862254484578;0,3803551530888528;boa;200,39568872757712;boa
p008_omit_q20;0,0;0,0;1,0;1,0;2,0;1,0;1,0;0,0;2,0;3,0;1,0;2,0;2,0;0,0;2,0;1,0;0,0;1,0;0,0;;2,0;0,0;0,0;0,0;0,0;-1,3923150674465676;0,38255384147084376;ruim;180,38424662767162;ruim
p008_omit_q21;0,0;0,0;1,0;1,0;2,0;1,0;1,0;0,0;2,0;3,0;1,0;2,0;2,0;0,0;2,0;1,0;0,0;1,0;0,0;1,0;;0,0;0,0;0,0;0,0;-1,3506248348021783;0,37217171499753704;ruim;182,4687582598911;ruim
p008_omit_q22;0,0;0,0;1,0;1,0;2,0;1,0;1,0;0,0;2,0;3,0;1,0;2,0;2,0;0,0;2,0;1,0;0,0;1,0;0,0;1,0;2,0;;0,0;0,0;0,0;-1,0312452709490625;0,39220711969517696;ruim;198,43773645254686;ruim
p008_omit_q23;0,0;0,0;1,0;1,0;2,0;1,0;1,0;0,0;2,0;3,0;1,0;2,0;2,0;0,0;2,0;1,0;0,0;1,0;0,0;1,0;2,0;0,0;;0,0;0,0;-1,0872723210050403;0,3849135021633007;ruim;195,636383949748;ruim
p008_omit_q24;0,0;0,0;1,0;1,0;2,0;1,0;1,0;0,0;2,0;3,0;1,0;2,0;2,0;0,0;2,0;1,0;0,0;1,0;0,0;1,0;2,0;0,0;0,0;;0,0;-0,9460434873493199;0,38443395895704285;boa;202,697825632534;boa
p008_omit_q25;0,0;0,0;1,0;1,0;2,0;1,0;1,0;0,0;2,0;3,0;1,0;2,0;2,0;0,0;2,0;1,0;0,0;1,0;0,0;1,0;2,0;0,0;0,0;0,0;;-0,9002548140681145;0,3867062242371908;boa;204,9872592965943;boa
p009_full;0,0;0,0;1,0;0,0;0,0;1,0;0,0;1,0;0,0;2,0;2,0;3,0;2,0;1,0;1,0;1,0;1,0;1,0;2,0;0,0;1,0;1,0;2,0;1,0;0,0;-0,9357968814063675;0,3390508220512378;boa;203,21015592968163;boa
p009_omit_q01;;0,0;1,0;0,0;0,0;1,0;0,0;1,0;0,0;2,0;2,0;3,0;2,0;1,0;1,0;1,0;1,0;1,0;2,0;0,0;1,0;1,0;2,0;1,0;0,0;-0,8721079524503227;0,34763909450763425;boa;206,39460237748386;boa
p009_omit_q02;0,0;;1,0;0,0;0,0;1,0;0,0;1,0;0,0;2,0;2,0;3,0;2,0;1,0;1,0;1,0;1,0;1,0;2,0;0,0;1,0;1,0;2,0;1,0;0,0;-0,8604259438745364;0,3437664729717974;boa;206,9787028062732;boa
p009_omit_q03;0,0;0,0;;0,0;0,0;1,0;0,0;1,0;0,0;2,0;2,0;3,0;2,0;1,0;1,0;1,0;1,0;1,0;2,0;0,0;1,0;1,0;2,0;1,0;0,0;-0,9525159314474595;0,3413359681661159;boa;202,37420342762704;boa
p009_omit_q04;0,0;0,0;1,0;;0,0;1,0;0,0;1,0;0,0;2,0;2,0;3,0;2,0;1,0;1,0;1,0;1,0;1,0;2,0;0,0;1,0;1,0;2,0;1,0;0,0;-0,7894733068613617;0,3417171478381001;boa;210,5263346569319;boa
p009_omit_q05;0,0;0,0;1,0;0,0;;1,0;0,0;1,0;0,0;2,0;2,0;3,0;2,0;1,0;1,0;1,0;1,0;1,0;2,0;0,0;1,0;1,0;2,0;1,0;0,0;-0,8262167171197466;0,34156018540168454;boa;208,68916414401266;boa
p009_omit_q06;0,0;0,0;1,0;0,0;0,0;;0,0;1,0;0,0;2,0;2,0;3,0;2,0;1,0;1,0;1,0;1,0;1,0;2,0;0,0;1,0;1,0;2,0;1,0;0,0;-1,00097906485861;0,3416403602638322;ruim;199,9510467570695;ruim
p009_omit_q07;0,0;0,0;1,0;0,0;0,0;1,0;;1,0;0,0;2,0;2,0;3,0;2,0;1,0;1,0;1,0;1,0;1,0;2,0;0,0;1,0;1,0;2,0;1,0;0,0;-0,9103231420731944;0,34176632343625907;boa;204,48384289634026;boa
p009_omit_q08;0,0;0,0;1,0;0,0;0,0;1,0;0,0;;0,0;2,0;2,0;3,0;2,0;1,0;1,0;1,0;1,0;1,0;2,0;0,0;1,0;1,0;2,0;1,0;0,0;-1,023133627496401;0,3409414737244912;ruim;198,84331862517996;ruim
p009_omit_q09;0,0;0,0;1,0;0,0;0,0;1,0;0,0;1,0;;2,0;2,0;3,0;2,0;1,0;1,0;1,0;1,0;1,0;2,0;0,0;1,0;1,0;2,0;1,0;0,0;-0,9010418185743402;0,34360066442820486;boa;204,947909071283;boa
p009_omit_q10;0,0;0,0;1,0;0,0;0,0;1,0;0,0;1,0;0,0;;2,0;3,0;2,0;1,0;1,0;1,0;1,0;1,0;2,0;0,0;1,0;1,0;2,0;1,0;0,0;-1,1165850747727313;0,33844722337421984;ruim;194,17074626136343;ruim
p009_omit_q11;0,0;0,0;1,0;0,0;0,0;1,0;0,0;1,0;0,0;2,0;;3,0;2,0;1,0;1,0;1,0;1,0;1,0;2,0;0,0;1,0;1,0;2,0;1,0;0,0;-1,0145454835693533;0,35155907983167084;ruim;199,27272582153233;ruim
p009_omit_q12;0,0;0,0;1,0;0,0;0,0;1,0;0,0;1,0;0,0;2,0;2,0;;2,0;1,0;1,0;1,0;1,0;1,0;2,0;0,0;1,0;1,0;2,0;1,0;0,0;-1,0479583462482336;0,3401744839375494;ruim;197,60208268758834;ruim
p009_omit_q13;0,0;0,0;1,0;0,0;0,0;1,0;0,0;1,0;0,0;2,0;2,0;3,0;;1,0;1,0;1,0;1,0;1,0;2,0;0,0;1,0;1,0;2,0;1,0;0,0;-1,072074635145001;0,33970364137169284;ruim;196,39626824274995;ruim
p009_omit_q14;0,0;0,0;1,0;0,0;0,0;1,0;0,0;1,0;0,0;2,0;2,0;3,0;2,0;;1,0;1,0;1,0;1,0;2,0;0,0;1,0;1,0;2,0;1,0;0,0;-0,9536369492907919;0,3409543034577505;boa;202,3181525354604;boa
p009_omit_q15;0,0;0,0;1,0;0,0;0,0;1,0;0,0;1,0;0,0;2,0;2,0;3,0;2,0;1,0;;1,0;1,0;1,0;2,0;0,0;1,0;1,0;2,0;1,0;0,0;-0,9920190516679346;0,3451013795137167;boa;200,39904741660328;boa
p009_omit_q16;0,0;0,0;1,0;0,0;0,0;1,0;0,0;1,0;0,0;2,0;2,0;3,0;2,0;1,0;1,0;;1,0;1,0;2,0;0,0;1,0;1,0;2,0;1,0;0,0;-0,9512637987789443;0,34274763056254215;boa;202,43681006105277;boa
p009_omit_q17;0,0;0,0;1,0;0,0;0,0;1,0;0,0;1,0;0,0;2,0;2,0;3,0;2,0;1,0;1,0;1,0;;1,0;2,0;0,0;1,0;1,0;2,0;1,0;0,0;-0,8337280974911538;0,35209867732623606;boa;208,3135951254423;boa
p009_omit_q18;0,0;0,0;1,0;0,0;0,0;1,0;0,0;1,0;0,0;2,0;2,0;3,0;2,0;1,0;1,0;1,0;1,0;;2,0;0,0;1,0;1,0;2,0;1,0;0,0;-0,9027191770503793;0,3433013555379675;boa;204,86404114748103;boa
p009_omit_q19;0,0;0,0;1,0;0,0;0,0;1,0;0,0;1,0;0,0;2,0;2,0;3,0;2,0;1,0;1,0;1,0;1,0;1,0;;0,0;1,0;1,0;2,0;1,0;0,0;-0,9471644517495935;0,3506937173707375;boa;202,64177741252033;boa
p009_omit_q20;0,0;0,0;1,0;0,0;0,0;1,0;0,0;1,0;0,0;2,0;2,0;3,0;2,0;1,0;1,0;1,0;1,0;1,0;2,0;;1,0;1,0;2,0;1,0;0,0;-0,8690082050990445;0,3528725281714897;boa;206,54958974504777;boa
p009_omit_q21;0,0;0,0;1,0;0,0;0,0;1,0;0,0;1,0;0,0;2,0;2,0;3,0;2,0;1,0;1,0;1,0;1,0;1,0;2,0;0,0;;1,0;2,0;1,0;0,0;-0,958679170496564;0,3459832416438629;boa;202,0660414751718;boa
p009_omit_q22;0,0;0,0;1,0;0,0;0,0;1,0;0,0;1,0;0,0;2,0;2,0;3,0;2,0;1,0;1,0;1,0;1,0;1,0;2,0;0,0;1,0;;2,0;1,0;0,0;-0,9421367174840243;0,35983435884404535;boa;202,8931641257988;boa
p009_omit_q23;0,0;0,0;1,0;0,0;0,0;1,0;0,0;1,0;0,0;2,0;2,0;3,0;2,0;1,0;1,0;1,0;1,0;1,0;2,0;0,0;1,0;1,0;;1,0;0,0;-1,0644656665959666;0,3400026448193726;ruim;196,77671667020167;ruim
p009_omit_q24;0,0;0,0;1,0;0,0;0,0;1,0;0,0;1,0;0,0;2,0;2,0;3,0;2,0;1,0;1,0;1,0;1,0;1,0;2,0;0,0;1,0;1,0;2,0;;0,0;-0,7687807662566336;0,3556603455466575;boa;211,56096168716832;boa
p009_omit_q25;0,0;0,0;1,0;0,0;0,0;1,0;0,0;1,0;0,0;2,0;2,0;3,0;2,0;1,0;1,0;1,0;1,0;1,0;2,0;0,0;1,0;1,0;2,0;1,0;;-0,6854797743546688;0,3451680304984787;boa;215,72601128226657;boa
p010_full;1,0;2,0;1,0;0,0;3,0;0,0;0,0;1,0;0,0;0,0;1,0;0,0;1,0;0,0;1,0;1,0;0,0;0,0;0,0;1,0;2,0;1,0;1,0;0,0;0,0;-1,4321896261858866;0,35441584296238565;ruim;178,39051869070568;ruim
p010_omit_q01;;2,0;1,0;0,0;3,0;0,0;0,0;1,0;0,0;0,0;1,0;0,0;1,0;0,0;1,0;1,0;0,0;0,0;0,0;1,0;2,0;1,0;1,0;0,0;0,0;-1,5543042665243325;0,3608471855000564;ruim;172,28478667378337;ruim
p010_omit_q02;1,0;;1,0;0,0;3,0;0,0;0,0;1,0;0,0;0,0;1,0;0,0;1,0;0,0;1,0;1,0;0,0;0,0;0,0;1,0;2,0;1,0;1,0;0,0;0,0;-1,527344882672294;0,35755294612160615;ruim;173,6327558663853;ruim
p010_omit_q03;1,0;2,0;;0,0;3,0;0,0;0,0;1,0;0,0;0,0;1,0;0,0;1,0;0,0;1,0;1,0;0,0;0,0;0,0;1,0;2,0;1,0;1,0;0,0;0,0;-1,4601039332399708;0,3582726480805976;ruim;176,99480333800147;ruim
p010_omit_q04;1,0;2,0;1,0;;3,0;0,0;0,0;1,0;0,0;0,0;1,0;0,0;1,0;0,0;1,0;1,0;0,0;0,0;0,0;1,0;2,0;1,0;1,0;0,0;0,0;-1,2774905385455568;0,3566625709634905;ruim;186,12547307272217;ruim
p010_omit_q05;1,0;2,0;1,0;0,0;;0,0;0,0;1,0;0,0;0,0;1,0;0,0;1,0;0,0;1,0;1,0;0,0;0,0;0,0;1,0;2,0;1,0;1,0;0,0;0,0;-1,5456971701459363;0,3564518396079455;ruim;172,7151414927032;ruim
p010_omit_q06;1,0;2,0;1,0;0,0;3,0;;0,0;1,0;0,0;0,0;1,0;0,0;1,0;0,0;1,0;1,0;0,0;0,0;0,0;1,0;2,0;1,0;1,0;0,0;0,0;-1,4024841400580428;0,357760258011792;ruim;179,87579299709785;ruim
p010_omit_q07;1,0;2,0;1,0;0,0;3,0;0,0;;1,0;0,0;0,0;1,0;0,0;1,0;0,0;1,0;1,0;0,0;0,0;0,0;1,0;2,0;1,0;1,0;0,0;0,0;-1,4114637666423988;0,35671556493630285;ruim;179,42681166788006;ruim
p010_omit_q08;1,0;2,0;1,0;0,0;3,0;0,0;0,0;;0,0;0,0;1,0;0,0;1,0;0,0;1,0;1,0;0,0;0,0;0,0;1,0;2,0;1,0;1,0;0,0;0,0;-1,5357924236418332;0,35651424003679977;ruim;173,21037881790835;ruim
p010_omit_q09;1,0;2,0;1,0;0,0;3,0;0,0;0,0;1,0;;0,0;1,0;0,0;1,0;0,0;1,0;1,0;0,0;0,0;0,0;1,0;2,0;1,0;1,0;0,0;0,0;-1,406110689050116;0,3581375731255309;ruim;179,6944655474942;ruim
p010_omit_q10;1,0;2,0;1,0;0,0;3,0;0,0;0,0;1,0;0,0;;1,0;0,0;1,0;0,0;1,0;1,0;0,0;0,0;0,0;1,0;2,0;1,0;1,0;0,0;0,0;-1,4102413527319566;0,36002103006861075;ruim;179,48793236340217;ruim
p010_omit_q11;1,0;2,0;1,0;0,0;3,0;0,0;0,0;1,0;0,0;0,0;;0,0;1,0;0,0;1,0;1,0;0,0;0,0;0,0;1,0;2,0;1,0;1,0;0,0;0,0;-1,4334563878585596;0,3736809876055439;ruim;178,32718060707202;ruim
p010_omit_q12;1,0;2,0;1,0;0,0;3,0;0,0;0,0;1,0;0,0;0,0;1,0;;1,0;0,0;1,0;1,0;0,0;0,0;0,0;1,0;2,0;1,0;1,0;0,0;0,0;-1,3213363986553626;0,35881321177909;ruim;183,9331800672319;ruim
p010_omit_q13;1,0;2,0;1,0;0,0;3,0;0,0;0,0;1,0;0,0;0,0;1,0;0,0;;0,0;1,0;1,0;0,0;0,0;0,0;1,0;2,0;1,0;1,0;0,0;0,0;-1,5553815771987936;0,36117232834664137;ruim;172,23092114006033;ruim
p010_omit_q14;1,0;2,0;1,0;0,0;3,0;0,0;0,0;1,0;0,0;0,0;1,0;0,0;1,0;;1,0;1,0;0,0;0,0;0,0;1,0;2,0;1,0;1,0;0,0;0,0;-1,3506307186317945;0,3574321859251128;ruim;182,46846406841027;ruim
p010_omit_q15;1,0;2,0;1,0;0,0;3,0;0,0;0,0;1,0;0,0;0,0;1,0;0,0;1,0;0,0;;1,0;0,0;0,0;0,0;1,0;2,0;1,0;1,0;0,0;0,0;-1,5139698629171798;0,3606327920620251;ruim;174,301506854141;ruim
p010_omit_q16;1,0;2,0;1,0;0,0;3,0;0,0;0,0;1,0;0,0;0,0;1,0;0,0;1,0;0,0;1,0;;0,0;0,0;0,0;1,0;2,0;1,0;1,0;0,0;0,0;-1,4619039214718035;0,3589077588536569;ruim;176,90480392640984;ruim
p010_omit_q17;1,0;2,0;1,0;0,0;3,0;0,0;0,0;1,0;0,0;0,0;1,0;0,0;1,0;0,0;1,0;1,0;;0,0;0,0;1,0;2,0;1,0;1,0;0,0;0,0;-1,2646503946134775;0,35873004316218954;ruim;186,76748026932614;ruim
p010_omit_q18;1,0;2,0;1,0;0,0;3,0;0,0;0,0;1,0;0,0;0,0;1,0;0,0;1,0;0,0;1,0;1,0;0,0;;0,0;1,0;2,0;1,0;1,0;0,0;0,0;-1,3506432032614584;0,35608973565745583;ruim;182,46783983692708;ruim
p010_omit_q19;1,0;2,0;1,0;0,0;3,0;0,0;0,0;1,0;0,0;0,0;1,0;0,0;1,0;0,0;1,0;1,0;0,0;0,0;;1,0;2,0;1,0;1,0;0,0;0,0;-1,2510446204802648;0,357503042701547;ruim;187,44776897598678;ruim
p010_omit_q20;1,0;2,0;1,0;0,0;3,0;0,0;0,0;1,0;0,0;0,0;1,0;0,0;1,0;0,0;1,0;1,0;0,0;0,0;0,0;;2,0;1,0;1,0;0,0;0,0;-1,6205264933139194;0,3624290202873004;ruim;168,97367533430403;ruim
p010_omit_q21;1,0;2,0;1,0;0,0;3,0;0,0;0,0;1,0;0,0;0,0;1,0;0,0;1,0;0,0;1,0;1,0;0,0;0,0;0,0;1,0;;1,0;1,0;0,0;0,0;-1,571129425405117;0,35536177270453756;ruim;171,44352872974417;ruim
p010_omit_q22;1,0;2,0;1,0;0,0;3,0;0,0;0,0;1,0;0,0;0,0;1,0;0,0;1,0;0,0;1,0;1,0;0,0;0,0;0,0;1,0;2,0;;1,0;0,0;0,0;-1,506901391515611;0,37618697343700425;ruim;174,65493042421946;ruim
p010_omit_q23;1,0;2,0;1,0;0,0;3,0;0,0;0,0;1,0;0,0;0,0;1,0;0,0;1,0;0,0;1,0;1,0;0,0;0,0;0,0;1,0;2,0;1,0;;0,0;0,0;-1,4960657674730624;0,3643603615079366;ruim;175,19671162634688;ruim
p010_omit_q24;1,0;2,0;1,0;0,0;3,0;0,0;0,0;1,0;0,0;0,0;1,0;0,0;1,0;0,0;1,0;1,0;0,0;0,0;0,0;1,0;2,0;1,0;1,0;;0,0;-1,2155391426469244;0,3616000958484757;ruim;189,2230428676538;ruim
p010_omit_q25;1,0;2,0;1,0;0,0;3,0;0,0;0,0;1,0;0,0;0,0;1,0;0,0;1,0;0,0;1,0;1,0;0,0;0,0;0,0;1,0;2,0;1,0;1,0;0,0;;-1,1781823411899348;0,3639586128408222;ruim;191,09088294050326;ruim
p011_full;0,0;0,0;1,0;1,0;0,0;1,0;1,0;0,0;0,0;0,0;0,0;1,0;0,0;0,0;2,0;2,0;0,0;0,0;0,0;1,0;2,0;0,0;0,0;0,0;0,0;-2,187903306201965;0,3634807250156139;muito ruim;140,60483468990174;muito ruim
p011_omit_q01;;0,0;1,0;1,0;0,0;1,0;1,0;0,0;0,0;0,0;0,0;1,0;0,0;0,0;2,0;2,0;0,0;0,0;0,0;1,0;2,0;0,0;0,0;0,0;0,0;-2,165535327174011;0,36805815980946865;muito ruim;141,72323364129943;muito ruim
p011_omit_q02;0,0;;1,0;1,0;0,0;1,0;1,0;0,0;0,0;0,0;0,0;1,0;0,0;0,0;2,0;2,0;0,0;0,0;0,0;1,0;2,0;0,0;0,0;0,0;0,0;-2,1380840747408563;0,3687563210132707;muito ruim;143,09579626295718;muito ruim
p011_omit_q03;0,0;0,0;;1,0;0,0;1,0;1,0;0,0;0,0;0,0;0,0;1,0;0,0;0,0;2,0;2,0;0,0;0,0;0,0;1,0;2,0;0,0;0,0;0,0;0,0;-2,238883710852552;0,3698568067759271;muito ruim;138,0558144573724;muito ruim
p011_omit_q04;0,0;0,0;1,0;;0,0;1,0;1,0;0,0;0,0;0,0;0,0;1,0;0,0;0,0;2,0;2,0;0,0;0,0;0,0;1,0;2,0;0,0;0,0;0,0;0,0;-2,2183787664034385;0,369796268824061;muito ruim;139,08106167982808;muito ruim
p011_omit_q05;0,0;0,0;1,0;1,0;;1,0;1,0;0,0;0,0;0,0;0,0;1,0;0,0;0,0;2,0;2,0;0,0;0,0;0,0;1,0;2,0;0,0;0,0;0,0;0,0;-2,0812587111244465;0,36771079495968256;muito ruim;145,93706444377767;muito ruim
p011_omit_q06;0,0;0,0;1,0;1,0;0,0;;1,0;0,0;0,0;0,0;0,0;1,0;0,0;0,0;2,0;2,0;0,0;0,0;0,0;1,0;2,0;0,0;0,0;0,0;0,0;-2,2856305895761406;0,3666839945319351;muito ruim;135,71847052119296;muito ruim
p011_omit_q07;0,0;0,0;1,0;1,0;0,0;1,0;;0,0;0,0;0,0;0,0;1,0;0,0;0,0;2,0;2,0;0,0;0,0;0,0;1,0;2,0;0,0;0,0;0,0;0,0;-2,276657190235563;0,3662216847506832;muito ruim;136,16714048822183;muito ruim
p011_omit_q08;0,0;0,0;1,0;1,0;0,0;1,0;1,0;;0,0;0,0;0,0;1,0;0,0;0,0;2,0;2,0;0,0;0,0;0,0;1,0;2,0;0,0;0,0;0,0;0,0;-2,1780139122952016;0,3650660564285572;muito ruim;141,09930438523992;muito ruim
p011_omit_q09;0,0;0,0;1,0;1,0;0,0;1,0;1,0;0,0;;0,0;0,0;1,0;0,0;0,0;2,0;2,0;0,0;0,0;0,0;1,0;2,0;0,0;0,0;0,0;0,0;-2,173520693036774;0,36584799264054174;muito ruim;141,3239653481613;muito ruim
p011_omit_q10;0,0;0,0;1,0;1,0;0,0;1,0;1,0;0,0;0,0;;0,0;1,0;0,0;0,0;2,0;2,0;0,0;0,0;0,0;1,0;2,0;0,0;0,0;0,0;0,0;-2,180517424037143;0,3656120908516975;muito ruim;140,97412879814283;muito ruim
p011_omit_q11;0,0;0,0;1,0;1,0;0,0;1,0;1,0;0,0;0,0;0,0;;1,0;0,0;0,0;2,0;2,0;0,0;0,0;0,0;1,0;2,0;0,0;0,0;0,0;0,0;-2,0950967642779936;0,37583786833755817;muito ruim;145,2451617861003;muito ruim
p011_omit_q12;0,0;0,0;1,0;1,0;0,0;1,0;1,0;0,0;0,0;0,0;0,0;;0,0;0,0;2,0;2,0;0,0;0,0;0,0;1,0;2,0;0,0;0,0;0,0;0,0;-2,2199512275287083;0,37539115178648497;muito ruim;139,0024386235646;muito ruim
p011_omit_q13;0,0;0,0;1,0;1,0;0,0;1,0;1,0;0,0;0,0;0,0;0,0;1,0;;0,0;2,0;2,0;0,0;0,0;0,0;1,0;2,0;0,0;0,0;0,0;0,0;-2,1705616851332015;0,3671307741311657;muito ruim;141,47191574333993;muito ruim
p011_omit_q14;0,0;0,0;1,0;1,0;0,0;1,0;1,0;0,0;0,0;0,0;0,0;1,0;0,0;;2,0;2,0;0,0;0,0;0,0;1,0;2,0;0,0;0,0;0,0;0,0;-2,1173099655431686;0,36755859723716283;muito ruim;144,13450172284155;muito ruim
p011_omit_q15;0,0;0,0;1,0;1,0;0,0;1,0;1,0;0,0;0,0;0,0;0,0;1,0;0,0;0,0;;2,0;0,0;0,0;0,0;1,0;2,0;0,0;0,0;0,0;0,0;-2,3246839023109405;0,36534071115380284;muito ruim;133,76580488445296;muito ruim
p011_omit_q16;0,0;0,0;1,0;1,0;0,0;1,0;1,0;0,0;0,0;0,0;0,0;1,0;0,0;0,0;2,0;;0,0;0,0;0,0;1,0;2,0;0,0;0,0;0,0;0,0;-2,2966917221701375;0,3650132654183831;muito ruim;135,16541389149313;muito ruim
p011_omit_q17;0,0;0,0;1,0;1,0;0,0;1,0;1,0;0,0;0,0;0,0;0,0;1,0;0,0;0,0;2,0;2,0;;0,0;0,0;1,0;2,0;0,0;0,0;0,0;0,0;-2,040623812597854;0,3735442932264312;muito ruim;147,9688093701073;muito ruim
p011_omit_q18;0,0;0,0;1,0;1,0;0,0;1,0;1,0;0,0;0,0;0,0;0,0;1,0;0,0;0,0;2,0;2,0;0,0;;0,0;1,0;2,0;0,0;0,0;0,0;0,0;-2,110746633617714;0,3659026670013986;muito ruim;144,4626683191143;muito ruim
p011_omit_q19;0,0;0,0;1,0;1,0;0,0;1,0;1,0;0,0;0,0;0,0;0,0;1,0;0,0;0,0;2,0;2,0;0,0;0,0;;1,0;2,0;0,0;0,0;0,0;0,0;-2,0195887446552274;0,37202876748599095;muito ruim;149,02056276723863;muito ruim
p011_omit_q20;0,0;0,0;1,0;1,0;0,0;1,0;1,0;0,0;0,0;0,0;0,0;1,0;0,0;0,0;2,0;2,0;0,0;0,0;0,0;;2,0;0,0;0,0;0,0;0,0;-2,4112204240555077;0,36967524192573564;muito ruim;129,4389787972246;muito ruim
p011_omit_q21;0,0;0,0;1,0;1,0;0,0;1,0;1,0;0,0;0,0;0,0;0,0;1,0;0,0;0,0;2,0;2,0;0,0;0,0;0,0;1,0;;0,0;0,0;0,0;0,0;-2,338741693838048;0,365759121924575;muito ruim;133,06291530809762;muito ruim
p011_omit_q22;0,0;0,0;1,0;1,0;0,0;1,0;1,0;0,0;0,0;0,0;0,0;1,0;0,0;0,0;2,0;2,0;0,0;0,0;0,0;1,0;2,0;;0,0;0,0;0,0;-2,118418557814075;0,378115604661296;muito ruim;144,07907210929625;muito ruim
p011_omit_q23;0,0;0,0;1,0;1,0;0,0;1,0;1,0;0,0;0,0;0,0;0,0;1,0;0,0;0,0;2,0;2,0;0,0;0,0;0,0;1,0;2,0;0,0;;0,0;0,0;-2,130796439447835;0,3718077521293292;muito ruim;143,46017802760824;muito ruim
p011_omit_q24;0,0;0,0;1,0;1,0;0,0;1,0;1,0;0,0;0,0;0,0;0,0;1,0;0,0;0,0;2,0;2,0;0,0;0,0;0,0;1,0;2,0;0,0;0,0;;0,0;-2,0142719217818725;0,38288053798530614;muito ruim;149,28640391090636;muito ruim
p011_omit_q25;0,0;0,0;1,0;1,0;0,0;1,0;1,0;0,0;0,0;0,0;0,0;1,0;0,0;0,0;2,0;2,0;0,0;0,0;0,0;1,0;2,0;0,0;0,0;0,0;;-1,999028352280461;0,39162441013762445;ruim;150,04858238597694;ruim
p012_full;1,0;2,0;1,0;1,0;1,0;1,0;1,0;1,0;2,0;3,0;2,0;3,0;2,0;1,0;2,0;1,0;1,0;1,0;1,0;2,0;0,0;2,0;2,0;0,0;0,0;0,16715606572715144;0,3905791342374706;boa;258,3578032863576;boa
p012_omit_q01;;2,0;1,0;1,0;1,0;1,0;1,0;1,0;2,0;3,0;2,0;3,0;2,0;1,0;2,0;1,0;1,0;1,0;1,0;2,0;0,0;2,0;2,0;0,0;0,0;0,11080033074936337;0,4004148717451203;boa;255,54001653746818;boa
p012_omit_q02;1,0;;1,0;1,0;1,0;1,0;1,0;1,0;2,0;3,0;2,0;3,0;2,0;1,0;2,0;1,0;1,0;1,0;1,0;2,0;0,0;2,0;2,0;0,0;0,0;0,10112937978448167;0,3971167166483192;boa;255,05646898922407;boa
p012_omit_q03;1,0;2,0;;1,0;1,0;1,0;1,0;1,0;2,0;3,0;2,0;3,0;2,0;1,0;2,0;1,0;1,0;1,0;1,0;2,0;0,0;2,0;2,0;0,0;0,0;0,15902140960494013;0,39209018228209574;boa;257,951070480247;boa
p012_omit_q04;1,0;2,0;1,0;;1,0;1,0;1,0;1,0;2,0;3,0;2,0;3,0;2,0;1,0;2,0;1,0;1,0;1,0;1,0;2,0;0,0;2,0;2,0;0,0;0,0;0,16519751012374992;0,3910694034594196;boa;258,2598755061875;boa
p012_omit_q05;1,0;2,0;1,0;1,0;;1,0;1,0;1,0;2,0;3,0;2,0;3,0;2,0;1,0;2,0;1,0;1,0;1,0;1,0;2,0;0,0;2,0;2,0;0,0;0,0;0,30418541363792;0,39484193389062616;boa;265,209270681896;boa
p012_omit_q06;1,0;2,0;1,0;1,0;1,0;;1,0;1,0;2,0;3,0;2,0;3,0;2,0;1,0;2,0;1,0;1,0;1,0;1,0;2,0;0,0;2,0;2,0;0,0;0,0;0,11088861872683428;0,3958598036493466;boa;255,5444309363417;boa
p012_omit_q07;1,0;2,0;1,0;1,0;1,0;1,0;;1,0;2,0;3,0;2,0;3,0;2,0;1,0;2,0;1,0;1,0;1,0;1,0;2,0;0,0;2,0;2,0;0,0;0,0;0,12187231550034462;0,3975285836990677;boa;256,0936157750172;boa
p012_omit_q08;1,0;2,0;1,0;1,0;1,0;1,0;1,0;;2,0;3,0;2,0;3,0;2,0;1,0;2,0;1,0;1,0;1,0;1,0;2,0;0,0;2,0;2,0;0,0;0,0;0,08202711561191976;0,39686289284124443;boa;254,10135578059598;boa
p012_omit_q09;1,0;2,0;1,0;1,0;1,0;1,0;1,0;1,0;;3,0;2,0;3,0;2,0;1,0;2,0;1,0;1,0;1,0;1,0;2,0;0,0;2,0;2,0;0,0;0,0;0,05754661044498675;0,3973552390173143;boa;252,87733052224934;boa
p012_omit_q10;1,0;2,0;1,0;1,0;1,0;1,0;1,0;1,0;2,0;;2,0;3,0;2,0;1,0;2,0;1,0;1,0;1,0;1,0;2,0;0,0;2,0;2,0;0,0;0,0;-0,07564562667130591;0,3915174054439221;boa;246,2177186664347;boa
p012_omit_q11;1,0;2,0;1,0;1,0;1,0;1,0;1,0;1,0;2,0;3,0;;3,0;2,0;1,0;2,0;1,0;1,0;1,0;1,0;2,0;0,0;2,0;2,0;0,0;0,0;0,20146420995171413;0,416116602032324;boa;260,0732104975857;boa
p012_omit_q12;1,0;2,0;1,0;1,0;1,0;1,0;1,0;1,0;2,0;3,0;2,0;;2,0;1,0;2,0;1,0;1,0;1,0;1,0;2,0;0,0;2,0;2,0;0,0;0,0;0,04822888677254126;0,39767015754040846;boa;252,41144433862706;boa
p012_omit_q13;1,0;2,0;1,0;1,0;1,0;1,0;1,0;1,0;2,0;3,0;2,0;3,0;;1,0;2,0;1,0;1,0;1,0;1,0;2,0;0,0;2,0;2,0;0,0;0,0;0,0187244805400624;0,39957682653839544;boa;250,9362240270031;boa
p012_omit_q14;1,0;2,0;1,0;1,0;1,0;1,0;1,0;1,0;2,0;3,0;2,0;3,0;2,0;;2,0;1,0;1,0;1,0;1,0;2,0;0,0;2,0;2,0;0,0;0,0;0,15659345473490663;0,39215878468111387;boa;257,82967273674535;boa
p012_omit_q15;1,0;2,0;1,0;1,0;1,0;1,0;1,0;1,0;2,0;3,0;2,0;3,0;2,0;1,0;;1,0;1,0;1,0;1,0;2,0;0,0;2,0;2,0;0,0;0,0;0,03428541588292234;0,39482387473431696;boa;251,71427079414613;boa
p012_omit_q16;1,0;2,0;1,0;1,0;1,0;1,0;1,0;1,0;2,0;3,0;2,0;3,0;2,0;1,0;2,0;;1,0;1,0;1,0;2,0;0,0;2,0;2,0;0,0;0,0;0,179573930458809;0,3965423077215465;boa;258,9786965229404;boa
p012_omit_q17;1,0;2,0;1,0;1,0;1,0;1,0;1,0;1,0;2,0;3,0;2,0;3,0;2,0;1,0;2,0;1,0;;1,0;1,0;2,0;0,0;2,0;2,0;0,0;0,0;0,3703600270570136;0,39796517960425015;boa;268,51800135285066;boa
p012_omit_q18;1,0;2,0;1,0;1,0;1,0;1,0;1,0;1,0;2,0;3,0;2,0;3,0;2,0;1,0;2,0;1,0;1,0;;1,0;2,0;0,0;2,0;2,0;0,0;0,0;0,24119803341768623;0,3954585665680018;boa;262,0599016708843;boa
p012_omit_q19;1,0;2,0;1,0;1,0;1,0;1,0;1,0;1,0;2,0;3,0;2,0;3,0;2,0;1,0;2,0;1,0;1,0;1,0;;2,0;0,0;2,0;2,0;0,0;0,0;0,3938011948647494;0,3945888119787748;boa;269,6900597432375;boa
p012_omit_q20;1,0;2,0;1,0;1,0;1,0;1,0;1,0;1,0;2,0;3,0;2,0;3,0;2,0;1,0;2,0;1,0;1,0;1,0;1,0;;0,0;2,0;2,0;0,0;0,0;-0,04862502660077417;0,4039308563616515;boa;247,56874866996128;boa
p012_omit_q21;1,0;2,0;1,0;1,0;1,0;1,0;1,0;1,0;2,0;3,0;2,0;3,0;2,0;1,0;2,0;1,0;1,0;1,0;1,0;2,0;;2,0;2,0;0,0;0,0;0,33096643620020255;0,39441883772985215;boa;266,5483218100101;boa
p012_omit_q22;1,0;2,0;1,0;1,0;1,0;1,0;1,0;1,0;2,0;3,0;2,0;3,0;2,0;1,0;2,0;1,0;1,0;1,0;1,0;2,0;0,0;;2,0;0,0;0,0;0,05986897965824473;0,4103255823951727;boa;252,99344898291224;boa
p012_omit_q23;1,0;2,0;1,0;1,0;1,0;1,0;1,0;1,0;2,0;3,0;2,0;3,0;2,0;1,0;2,0;1,0;1,0;1,0;1,0;2,0;0,0;2,0;;0,0;0,0;0,029118015194210305;0,3989092522463312;boa;251,45590075971052;boa
p012_omit_q24;1,0;2,0;1,0;1,0;1,0;1,0;1,0;1,0;2,0;3,0;2,0;3,0;2,0;1,0;2,0;1,0;1,0;1,0;1,0;2,0;0,0;2,0;2,0;;0,0;0,45881855257478754;0,3933679487993784;boa;272,94092762873936;boa
p012_omit_q25;1,0;2,0;1,0;1,0;1,0;1,0;1,0;1,0;2,0;3,0;2,0;3,0;2,0;1,0;2,0;1,0;1,0;1,0;1,0;2,0;0,0;2,0;2,0;0,0;;0,509526500774903;0,3939034120887503;muito boa;275,47632503874513;muito boa
p013_full;0,0;0,0;0,0;0,0;0,0;0,0;0,0;0,0;2,0;1,0;0,0;2,0;0,0;0,0;1,0;1,0;2,0;0,0;2,0;2,0;1,0;1,0;1,0;3,0;2,0;-0,826467286704433;0,3263565393096103;boa;208,67663566477836;boa
p013_omit_q01;;0,0;0,0;0,0;0,0;0,0;0,0;0,0;2,0;1,0;0,0;2,0;0,0;0,0;1,0;1,0;2,0;0,0;2,0;2,0;1,0;1,0;1,0;3,0;2,0;-0,7636788739523257;0,3323044428698937;boa;211,8160563023837;boa
p013_omit_q02;0,0;;0,0;0,0;0,0;0,0;0,0;0,0;2,0;1,0;0,0;2,0;0,0;0,0;1,0;1,0;2,0;0,0;2,0;2,0;1,0;1,0;1,0;3,0;2,0;-0,7550669547259506;0,3284529781309283;boa;212,24665226370246;boa
p013_omit_q03;0,0;0,0;;0,0;0,0;0,0;0,0;0,0;2,0;1,0;0,0;2,0;0,0;0,0;1,0;1,0;2,0;0,0;2,0;2,0;1,0;1,0;1,0;3,0;2,0;-0,7310210522414797;0,3266055489353721;boa;213,448947387926;boa
p013_omit_q04;0,0;0,0;0,0;;0,0;0,0;0,0;0,0;2,0;1,0;0,0;2,0;0,0;0,0;1,0;1,0;2,0;0,0;2,0;2,0;1,0;1,0;1,0;3,0;2,0;-0,6919701414395746;0,3248874629425489;boa;215,40149292802127;boa
p013_omit_q05;0,0;0,0;0,0;0,0;;0,0;0,0;0,0;2,0;1,0;0,0;2,0;0,0;0,0;1,0;1,0;2,0;0,0;2,0;2,0;1,0;1,0;1,0;3,0;2,0;-0,7251778718037618;0,3256971500588183;boa;213,74110640981192;boa
p013_omit_q06;0,0;0,0;0,0;0,0;0,0;;0,0;0,0;2,0;1,0;0,0;2,0;0,0;0,0;1,0;1,0;2,0;0,0;2,0;2,0;1,0;1,0;1,0;3,0;2,0;-0,7909554900147648;0,32882441679514707;boa;210,45222549926177;boa
p013_omit_q07;0,0;0,0;0,0;0,0;0,0;0,0;;0,0;2,0;1,0;0,0;2,0;0,0;0,0;1,0;1,0;2,0;0,0;2,0;2,0;1,0;1,0;1,0;3,0;2,0;-0,8016087093704922;0,3281620995505241;boa;209,91956453147537;boa
p013_omit_q08;0,0;0,0;0,0;0,0;0,0;0,0;0,0;;2,0;1,0;0,0;2,0;0,0;0,0;1,0;1,0;2,0;0,0;2,0;2,0;1,0;1,0;1,0;3,0;2,0;-0,8026380557475223;0,3287670634747555;boa;209,86809721262387;boa
p013_omit_q09;0,0;0,0;0,0;0,0;0,0;0,0;0,0;0,0;;1,0;0,0;2,0;0,0;0,0;1,0;1,0;2,0;0,0;2,0;2,0;1,0;1,0;1,0;3,0;2,0;-0,921475125203839;0,3299392526887857;boa;203,92624373980806;boa
p013_omit_q10;0,0;0,0;0,0;0,0;0,0;0,0;0,0;0,0;2,0;;0,0;2,0;0,0;0,0;1,0;1,0;2,0;0,0;2,0;2,0;1,0;1,0;1,0;3,0;2,0;-0,9623009308786885;0,3371289520821643;boa;201,88495345606557;boa
p013_omit_q11;0,0;0,0;0,0;0,0;0,0;0,0;0,0;0,0;2,0;1,0;;2,0;0,0;0,0;1,0;1,0;2,0;0,0;2,0;2,0;1,0;1,0;1,0;3,0;2,0;-0,6953754823810219;0,3281306104646212;boa;215,2312258809489;boa
p013_omit_q12;0,0;0,0;0,0;0,0;0,0;0,0;0,0;0,0;2,0;1,0;0,0;;0,0;0,0;1,0;1,0;2,0;0,0;2,0;2,0;1,0;1,0;1,0;3,0;2,0;-0,8734255002058359;0,33489508855103284;boa;206,3287249897082;boa
p013_omit_q13;0,0;0,0;0,0;0,0;0,0;0,0;0,0;0,0;2,0;1,0;0,0;2,0;;0,0;1,0;1,0;2,0;0,0;2,0;2,0;1,0;1,0;1,0;3,0;2,0;-0,7736421579064883;0,33210260446596657;boa;211,3178921046756;boa
p013_omit_q14;0,0;0,0;0,0;0,0;0,0;0,0;0,0;0,0;2,0;1,0;0,0;2,0;0,0;;1,0;1,0;2,0;0,0;2,0;2,0;1,0;1,0;1,0;3,0;2,0;-0,7504363099172463;0,32674376406991645;boa;212,4781845041377;boa
p013_omit_q15;0,0;0,0;0,0;0,0;0,0;0,0;0,0;0,0;2,0;1,0;0,0;2,0;0,0;0,0;;1,0;2,0;0,0;2,0;2,0;1,0;1,0;1,0;3,0;2,0;-0,8749357331632521;0,33329498244556366;boa;206,2532133418374;boa
p013_omit_q16;0,0;0,0;0,0;0,0;0,0;0,0;0,0;0,0;2,0;1,0;0,0;2,0;0,0;0,0;1,0;;2,0;0,0;2,0;2,0;1,0;1,0;1,0;3,0;2,0;-0,8386685620550206;0,3299870606453463;boa;208,06657189724896;boa
p013_omit_q17;0,0;0,0;0,0;0,0;0,0;0,0;0,0;0,0;2,0;1,0;0,0;2,0;0,0;0,0;1,0;1,0;;0,0;2,0;2,0;1,0;1,0;1,0;3,0;2,0;-0,8772996648895035;0,3375094895076665;boa;206,13501675552482;boa
p013_omit_q18;0,0;0,0;0,0;0,0;0,0;0,0;0,0;0,0;2,0;1,0;0,0;2,0;0,0;0,0;1,0;1,0;2,0;;2,0;2,0;1,0;1,0;1,0;3,0;2,0;-0,7538237617496407;0,3260003075949216;boa;212,30881191251797;boa
p013_omit_q19;0,0;0,0;0,0;0,0;0,0;0,0;0,0;0,0;2,0;1,0;0,0;2,0;0,0;0,0;1,0;1,0;2,0;0,0;;2,0;1,0;1,0;1,0;3,0;2,0;-0,8304924224553683;0,33679921768396004;boa;208,47537887723158;boa
p013_omit_q20;0,0;0,0;0,0;0,0;0,0;0,0;0,0;0,0;2,0;1,0;0,0;2,0;0,0;0,0;1,0;1,0;2,0;0,0;2,0;;1,0;1,0;1,0;3,0;2,0;-1,0065833958727246;0,33153314654848;ruim;199,67083020636377;ruim
p013_omit_q21;0,0;0,0;0,0;0,0;0,0;0,0;0,0;0,0;2,0;1,0;0,0;2,0;0,0;0,0;1,0;1,0;2,0;0,0;2,0;2,0;;1,0;1,0;3,0;2,0;-0,843687062942082;0,3329947418953824;boa;207,8156468528959;boa
p013_omit_q22;0,0;0,0;0,0;0,0;0,0;0,0;0,0;0,0;2,0;1,0;0,0;2,0;0,0;0,0;1,0;1,0;2,0;0,0;2,0;2,0;1,0;;1,0;3,0;2,0;-0,8207366530936752;0,3447235411926817;boa;208,96316734531624;boa
p013_omit_q23;0,0;0,0;0,0;0,0;0,0;0,0;0,0;0,0;2,0;1,0;0,0;2,0;0,0;0,0;1,0;1,0;2,0;0,0;2,0;2,0;1,0;1,0;;3,0;2,0;-0,8503973641853669;0,33483507689789505;boa;207,48013179073166;boa
p013_omit_q24;0,0;0,0;0,0;0,0;0,0;0,0;0,0;0,0;2,0;1,0;0,0;2,0;0,0;0,0;1,0;1,0;2,0;0,0;2,0;2,0;1,0;1,0;1,0;;2,0;-1,014921123829448;0,334427724435699;ruim;199,2539438085276;ruim
p013_omit_q25;0,0;0,0;0,0;0,0;0,0;0,0;0,0;0,0;2,0;1,0;0,0;2,0;0,0;0,0;1,0;1,0;2,0;0,0;2,0;2,0;1,0;1,0;1,0;3,0;;-0,852386331328749;0,35188220946322485;boa;207,38068343356255;boa
p014_full;1,0;1,0;1,0;1,0;3,0;1,0;1,0;1,0;1,0;2,0;3,0;1,0;3,0;1,0;2,0;1,0;3,0;0,0;2,0;2,0;1,0;1,0;1,0;2,0;2,0;0,5227997578030995;0,32060749993457555;muito boa;276,139987890155;muito boa
p014_omit_q01;;1,0;1,0;1,0;3,0;1,0;1,0;1,0;1,0;2,0;3,0;1,0;3,0;1,0;2,0;1,0;3,0;0,0;2,0;2,0;1,0;1,0;1,0;2,0;2,0;0,4969695227378612;0,3244484083137969;boa;274,84847613689305;boa
p014_omit_q02;1,0;;1,0;1,0;3,0;1,0;1,0;1,0;1,0;2,0;3,0;1,0;3,0;1,0;2,0;1,0;3,0;0,0;2,0;2,0;1,0;1,0;1,0;2,0;2,0;0,5772293745570936;0,3268357936722896;muito boa;278,8614687278547;muito boa
p014_omit_q03;1,0;1,0;;1,0;3,0;1,0;1,0;1,0;1,0;2,0;3,0;1,0;3,0;1,0;2,0;1,0;3,0;0,0;2,0;2,0;1,0;1,0;1,0;2,0;2,0;0,5190391364386618;0,32113585961707297;muito boa;275,9519568219331;muito boa
p014_omit_q04;1,0;1,0;1,0;;3,0;1,0;1,0;1,0;1,0;2,0;3,0;1,0;3,0;1,0;2,0;1,0;3,0;0,0;2,0;2,0;1,0;1,0;1,0;2,0;2,0;0,5220074276391703;0,32075962801307767;muito boa;276,1003713819585;muito boa
p014_omit_q05;1,0;1,0;1,0;1,0;;1,0;1,0;1,0;1,0;2,0;3,0;1,0;3,0;1,0;2,0;1,0;3,0;0,0;2,0;2,0;1,0;1,0;1,0;2,0;2,0;0,4693490695478225;0,3239551428197261;boa;273,46745347739113;boa
p014_omit_q06;1,0;1,0;1,0;1,0;3,0;;1,0;1,0;1,0;2,0;3,0;1,0;3,0;1,0;2,0;1,0;3,0;0,0;2,0;2,0;1,0;1,0;1,0;2,0;2,0;0,49191316687824455;0,3228669395135168;boa;274,59565834391225;boa
p014_omit_q07;1,0;1,0;1,0;1,0;3,0;1,0;;1,0;1,0;2,0;3,0;1,0;3,0;1,0;2,0;1,0;3,0;0,0;2,0;2,0;1,0;1,0;1,0;2,0;2,0;0,5016759567042285;0,3244601645799767;muito boa;275,08379783521144;muito boa
p014_omit_q08;1,0;1,0;1,0;1,0;3,0;1,0;1,0;;1,0;2,0;3,0;1,0;3,0;1,0;2,0;1,0;3,0;0,0;2,0;2,0;1,0;1,0;1,0;2,0;2,0;0,4744288077104811;0,3235035301959782;boa;273,72144038552403;boa
p014_omit_q09;1,0;1,0;1,0;1,0;3,0;1,0;1,0;1,0;;2,0;3,0;1,0;3,0;1,0;2,0;1,0;3,0;0,0;2,0;2,0;1,0;1,0;1,0;2,0;2,0;0,5182034782977052;0,32837465348117617;muito boa;275,91017391488526;muito boa
p014_omit_q10;1,0;1,0;1,0;1,0;3,0;1,0;1,0;1,0;1,0;;3,0;1,0;3,0;1,0;2,0;1,0;3,0;0,0;2,0;2,0;1,0;1,0;1,0;2,0;2,0;0,3968303585127966;0,32738752080737976;boa;269,84151792563983;boa
p014_omit_q11;1,0;1,0;1,0;1,0;3,0;1,0;1,0;1,0;1,0;2,0;;1,0;3,0;1,0;2,0;1,0;3,0;0,0;2,0;2,0;1,0;1,0;1,0;2,0;2,0;0,44212885067336305;0,32754672933776524;boa;272,10644253366814;boa
p014_omit_q12;1,0;1,0;1,0;1,0;3,0;1,0;1,0;1,0;1,0;2,0;3,0;;3,0;1,0;2,0;1,0;3,0;0,0;2,0;2,0;1,0;1,0;1,0;2,0;2,0;0,6125313958155367;0,32637066032755924;muito boa;280,62656979077684;muito boa
p014_omit_q13;1,0;1,0;1,0;1,0;3,0;1,0;1,0;1,0;1,0;2,0;3,0;1,0;;1,0;2,0;1,0;3,0;0,0;2,0;2,0;1,0;1,0;1,0;2,0;2,0;0,39642995942941345;0,31955142171460443;boa;269,82149797147065;boa
p014_omit_q14;1,0;1,0;1,0;1,0;3,0;1,0;1,0;1,0;1,0;2,0;3,0;1,0;3,0;;2,0;1,0;3,0;0,0;2,0;2,0;1,0;1,0;1,0;2,0;2,0;0,517539990220955;0,3211896026995627;muito boa;275,87699951104776;muito boa
p014_omit_q15;1,0;1,0;1,0;1,0;3,0;1,0;1,0;1,0;1,0;2,0;3,0;1,0;3,0;1,0;;1,0;3,0;0,0;2,0;2,0;1,0;1,0;1,0;2,0;2,0;0,4405617483843573;0,3224886726467642;boa;272,02808741921785;boa
p014_omit_q16;1,0;1,0;1,0;1,0;3,0;1,0;1,0;1,0;1,0;2,0;3,0;1,0;3,0;1,0;2,0;;3,0;0,0;2,0;2,0;1,0;1,0;1,0;2,0;2,0;0,538410796409135;0,32430083248192365;muito boa;276,9205398204567;muito boa
p014_omit_q17;1,0;1,0;1,0;1,0;3,0;1,0;1,0;1,0;1,0;2,0;3,0;1,0;3,0;1,0;2,0;1,0;;0,0;2,0;2,0;1,0;1,0;1,0;2,0;2,0;0,4041240579905654;0,3247702890616073;boa;270,20620289952825;boa
p014_omit_q18;1,0;1,0;1,0;1,0;3,0;1,0;1,0;1,0;1,0;2,0;3,0;1,0;3,0;1,0;2,0;1,0;3,0;;2,0;2,0;1,0;1,0;1,0;2,0;2,0;0,5982326876509108;0,32266437389218944;muito boa;279,9116343825455;muito boa
p014_omit_q19;1,0;1,0;1,0;1,0;3,0;1,0;1,0;1,0;1,0;2,0;3,0;1,0;3,0;1,0;2,0;1,0;3,0;0,0;;2,0;1,0;1,0;1,0;2,0;2,0;0,609065417974892;0,33323746766588125;muito boa;280,4532708987446;muito boa
p014_omit_q20;1,0;1,0;1,0;1,0;3,0;1,0;1,0;1,0;1,0;2,0;3,0;1,0;3,0;1,0;2,0;1,0;3,0;0,0;2,0;;1,0;1,0;1,0;2,0;2,0;0,40169128987189295;0,32965488425963857;boa;270,08456449359466;boa
p014_omit_q21;1,0;1,0;1,0;1,0;3,0;1,0;1,0;1,0;1,0;2,0;3,0;1,0;3,0;1,0;2,0;1,0;3,0;0,0;2,0;2,0;;1,0;1,0;2,0;2,0;0,5576437478279999;0,32780992256060026;muito boa;277,8821873914;muito boa
p014_omit_q22;1,0;1,0;1,0;1,0;3,0;1,0;1,0;1,0;1,0;2,0;3,0;1,0;3,0;1,0;2,0;1,0;3,0;0,0;2,0;2,0;1,0;;1,0;2,0;2,0;0,6554765780765692;0,33321802375622034;muito boa;282,7738289038285;muito boa
p014_omit_q23;1,0;1,0;1,0;1,0;3,0;1,0;1,0;1,0;1,0;2,0;3,0;1,0;3,0;1,0;2,0;1,0;3,0;0,0;2,0;2,0;1,0;1,0;;2,0;2,0;0,5652005455264758;0,3293778630188833;muito boa;278,2600272763238;muito boa
p014_omit_q24;1,0;1,0;1,0;1,0;3,0;1,0;1,0;1,0;1,0;2,0;3,0;1,0;3,0;1,0;2,0;1,0;3,0;0,0;2,0;2,0;1,0;1,0;1,0;;2,0;0,6468731352915313;0,3389516402790292;muito boa;282,34365676457656;muito boa
p014_omit_q25;1,0;1,0;1,0;1,0;3,0;1,0;1,0;1,0;1,0;2,0;3,0;1,0;3,0;1,0;2,0;1,0;3,0;0,0;2,0;2,0;1,0;1,0;1,0;2,0;;0,6971371159053978;0,341613116553374;muito boa;284,8568557952699;muito boa
p015_full;0,0;0,0;0,0;0,0;2,0;0,0;0,0;1,0;1,0;1,0;0,0;1,0;1,0;0,0;1,0;0,0;1,0;1,0;1,0;0,0;1,0;2,0;1,0;0,0;0,0;-1,7080138518879182;0,3327528781271998;ruim;164,5993074056041;ruim
p015_omit_q01;;0,0;0,0;0,0;2,0;0,0;0,0;1,0;1,0;1,0;0,0;1,0;1,0;0,0;1,0;0,0;1,0;1,0;1,0;0,0;1,0;2,0;1,0;0,0;0,0;-1,6770612969821483;0,3382095453698801;ruim;166,1469351508926;ruim
p015_omit_q02;0,0;;0,0;0,0;2,0;0,0;0,0;1,0;1,0;1,0;0,0;1,0;1,0;0,0;1,0;0,0;1,0;1,0;1,0;0,0;1,0;2,0;1,0;0,0;0,0;-1,6543208327076333;0,3374577184518382;ruim;167,28395836461834;ruim
p015_omit_q03;0,0;0,0;;0,0;2,0;0,0;0,0;1,0;1,0;1,0;0,0;1,0;1,0;0,0;1,0;0,0;1,0;1,0;1,0;0,0;1,0;2,0;1,0;0,0;0,0;-1,6225238699519497;0,3370749000529481;ruim;168,87380650240252;ruim
p015_omit_q04;0,0;0,0;0,0;;2,0;0,0;0,0;1,0;1,0;1,0;0,0;1,0;1,0;0,0;1,0;0,0;1,0;1,0;1,0;0,0;1,0;2,0;1,0;0,0;0,0;-1,5747917730138985;0,33640960547869836;ruim;171,26041134930506;ruim
p015_omit_q05;0,0;0,0;0,0;0,0;;0,0;0,0;1,0;1,0;1,0;0,0;1,0;1,0;0,0;1,0;0,0;1,0;1,0;1,0;0,0;1,0;2,0;1,0;0,0;0,0;-1,748469748455213;0,33887828112915547;ruim;162,57651257723936;ruim
p015_omit_q06;0,0;0,0;0,0;0,0;2,0;;0,0;1,0;1,0;1,0;0,0;1,0;1,0;0,0;1,0;0,0;1,0;1,0;1,0;0,0;1,0;2,0;1,0;0,0;0,0;-1,686183931337491;0,33538035165628344;ruim;165,69080343312544;ruim
p015_omit_q07;0,0;0,0;0,0;0,0;2,0;0,0;;1,0;1,0;1,0;0,0;1,0;1,0;0,0;1,0;0,0;1,0;1,0;1,0;0,0;1,0;2,0;1,0;0,0;0,0;-1,6927071272081555;0,3345369903722444;ruim;165,36464363959223;ruim
p015_omit_q08;0,0;0,0;0,0;0,0;2,0;0,0;0,0;;1,0;1,0;0,0;1,0;1,0;0,0;1,0;0,0;1,0;1,0;1,0;0,0;1,0;2,0;1,0;0,0;0,0;-1,8020568152915601;0,33367993604247614;ruim;159,897159235422;ruim
p015_omit_q09;0,0;0,0;0,0;0,0;2,0;0,0;0,0;1,0;;1,0;0,0;1,0;1,0;0,0;1,0;0,0;1,0;1,0;1,0;0,0;1,0;2,0;1,0;0,0;0,0;-1,7980996783621268;0,335301924431392;ruim;160,09501608189368;ruim
p015_omit_q10;0,0;0,0;0,0;0,0;2,0;0,0;0,0;1,0;1,0;;0,0;1,0;1,0;0,0;1,0;0,0;1,0;1,0;1,0;0,0;1,0;2,0;1,0;0,0;0,0;-1,8763704902498777;0,3344818714213923;ruim;156,18147548750613;ruim
p015_omit_q11;0,0;0,0;0,0;0,0;2,0;0,0;0,0;1,0;1,0;1,0;;1,0;1,0;0,0;1,0;0,0;1,0;1,0;1,0;0,0;1,0;2,0;1,0;0,0;0,0;-1,6043488682216294;0,3421788316624708;ruim;169,78255658891854;ruim
p015_omit_q12;0,0;0,0;0,0;0,0;2,0;0,0;0,0;1,0;1,0;1,0;0,0;;1,0;0,0;1,0;0,0;1,0;1,0;1,0;0,0;1,0;2,0;1,0;0,0;0,0;-1,7085150941178204;0,34174947009600143;ruim;164,57424529410898;ruim
p015_omit_q13;0,0;0,0;0,0;0,0;2,0;0,0;0,0;1,0;1,0;1,0;0,0;1,0;;0,0;1,0;0,0;1,0;1,0;1,0;0,0;1,0;2,0;1,0;0,0;0,0;-1,8248004364173078;0,33653776421137754;ruim;158,7599781791346;ruim
p015_omit_q14;0,0;0,0;0,0;0,0;2,0;0,0;0,0;1,0;1,0;1,0;0,0;1,0;1,0;;1,0;0,0;1,0;1,0;1,0;0,0;1,0;2,0;1,0;0,0;0,0;-1,6403543285087379;0,33607093824971396;ruim;167,9822835745631;ruim
p015_omit_q15;0,0;0,0;0,0;0,0;2,0;0,0;0,0;1,0;1,0;1,0;0,0;1,0;1,0;0,0;;0,0;1,0;1,0;1,0;0,0;1,0;2,0;1,0;0,0;0,0;-1,7881031291247993;0,3368463563201981;ruim;160,59484354376002;ruim
p015_omit_q16;0,0;0,0;0,0;0,0;2,0;0,0;0,0;1,0;1,0;1,0;0,0;1,0;1,0;0,0;1,0;;1,0;1,0;1,0;0,0;1,0;2,0;1,0;0,0;0,0;-1,6493816777661843;0,33638849393602915;ruim;167,53091611169077;ruim
p015_omit_q17;0,0;0,0;0,0;0,0;2,0;0,0;0,0;1,0;1,0;1,0;0,0;1,0;1,0;0,0;1,0;0,0;;1,0;1,0;0,0;1,0;2,0;1,0;0,0;0,0;-1,6738067664540652;0,34815793493995206;ruim;166,30966167729673;ruim
p015_omit_q18;0,0;0,0;0,0;0,0;2,0;0,0;0,0;1,0;1,0;1,0;0,0;1,0;1,0;0,0;1,0;0,0;1,0;;1,0;0,0;1,0;2,0;1,0;0,0;0,0;-1,694119663503216;0,336848637978892;ruim;165,2940168248392;ruim
p015_omit_q19;0,0;0,0;0,0;0,0;2,0;0,0;0,0;1,0;1,0;1,0;0,0;1,0;1,0;0,0;1,0;0,0;1,0;1,0;;0,0;1,0;2,0;1,0;0,0;0,0;-1,6180672947801213;0,3479222285785869;ruim;169,09663526099393;ruim
p015_omit_q20;0,0;0,0;0,0;0,0;2,0;0,0;0,0;1,0;1,0;1,0;0,0;1,0;1,0;0,0;1,0;0,0;1,0;1,0;1,0;;1,0;2,0;1,0;0,0;0,0;-1,686110920772143;0,33859357675489465;ruim;165,69445396139287;ruim
p015_omit_q21;0,0;0,0;0,0;0,0;2,0;0,0;0,0;1,0;1,0;1,0;0,0;1,0;1,0;0,0;1,0;0,0;1,0;1,0;1,0;0,0;;2,0;1,0;0,0;0,0;-1,7627832449485037;0,33938828070772686;ruim;161,8608377525748;ruim
p015_omit_q22;0,0;0,0;0,0;0,0;2,0;0,0;0,0;1,0;1,0;1,0;0,0;1,0;1,0;0,0;1,0;0,0;1,0;1,0;1,0;0,0;1,0;;1,0;0,0;0,0;-1,882565343331188;0,33456271742543237;ruim;155,8717328334406;ruim
p015_omit_q23;0,0;0,0;0,0;0,0;2,0;0,0;0,0;1,0;1,0;1,0;0,0;1,0;1,0;0,0;1,0;0,0;1,0;1,0;1,0;0,0;1,0;2,0;;0,0;0,0;-1,7775408638684684;0,34018895406864746;ruim;161,12295680657658;ruim
p015_omit_q24;0,0;0,0;0,0;0,0;2,0;0,0;0,0;1,0;1,0;1,0;0,0;1,0;1,0;0,0;1,0;0,0;1,0;1,0;1,0;0,0;1,0;2,0;1,0;;0,0;-1,5290558509174934;0,3434113273575844;ruim;173,54720745412533;ruim
p015_omit_q25;0,0;0,0;0,0;0,0;2,0;0,0;0,0;1,0;1,0;1,0;0,0;1,0;1,0;0,0;1,0;0,0;1,0;1,0;1,0;0,0;1,0;2,0;1,0;0,0;;-1,501055240922468;0,34759922486828654;ruim;174,9472379538766;ruim
p016_full;0,0;0,0;1,0;1,0;0,0;1,0;2,0;1,0;1,0;2,0;1,0;2,0;0,0;1,0;1,0;1,0;1,0;0,0;1,0;2,0;2,0;2,0;1,0;1,0;0,0;-0,7104204550392307;0,35635046974956264;boa;214,47897724803846;boa
p016_omit_q01;;0,0;1,0;1,0;0,0;1,0;2,0;1,0;1,0;2,0;1,0;2,0;0,0;1,0;1,0;1,0;1,0;0,0;1,0;2,0;2,0;2,0;1,0;1,0;0,0;-0,6273301479184851;0,3676236686358635;boa;218,63349260407574;boa
p016_omit_q02;0,0;;1,0;1,0;0,0;1,0;2,0;1,0;1,0;2,0;1,0;2,0;0,0;1,0;1,0;1,0;1,0;0,0;1,0;2,0;2,0;2,0;1,0;1,0;0,0;-0,6211496466858575;0,36250594670706277;boa;218,94251766570713;boa
p016_omit_q03;0,0;0,0;;1,0;0,0;1,0;2,0;1,0;1,0;2,0;1,0;2,0;0,0;1,0;1,0;1,0;1,0;0,0;1,0;2,0;2,0;2,0;1,0;1,0;0,0;-0,7255478928412555;0,35840468325563957;boa;213,72260535793723;boa
p016_omit_q04;0,0;0,0;1,0;;0,0;1,0;2,0;1,0;1,0;2,0;1,0;2,0;0,0;1,0;1,0;1,0;1,0;0,0;1,0;2,0;2,0;2,0;1,0;1,0;0,0;-0,7153020419821418;0,35732967255958803;boa;214,23489790089292;boa
p016_omit_q05;0,0;0,0;1,0;1,0;;1,0;2,0;1,0;1,0;2,0;1,0;2,0;0,0;1,0;1,0;1,0;1,0;0,0;1,0;2,0;2,0;2,0;1,0;1,0;0,0;-0,5870390916484846;0,3603642421982379;boa;220,64804541757576;boa
p016_omit_q06;0,0;0,0;1,0;1,0;0,0;;2,0;1,0;1,0;2,0;1,0;2,0;0,0;1,0;1,0;1,0;1,0;0,0;1,0;2,0;2,0;2,0;1,0;1,0;0,0;-0,7772848819603373;0,35880077928344;boa;211,13575590198315;boa
p016_omit_q07;0,0;0,0;1,0;1,0;0,0;1,0;;1,0;1,0;2,0;1,0;2,0;0,0;1,0;1,0;1,0;1,0;0,0;1,0;2,0;2,0;2,0;1,0;1,0;0,0;-0,801415877513318;0,35530354350246934;boa;209,9292061243341;boa
p016_omit_q08;0,0;0,0;1,0;1,0;0,0;1,0;2,0;;1,0;2,0;1,0;2,0;0,0;1,0;1,0;1,0;1,0;0,0;1,0;2,0;2,0;2,0;1,0;1,0;0,0;-0,802180630432982;0,3579000629894231;boa;209,89096847835089;boa
p016_omit_q09;0,0;0,0;1,0;1,0;0,0;1,0;2,0;1,0;;2,0;1,0;2,0;0,0;1,0;1,0;1,0;1,0;0,0;1,0;2,0;2,0;2,0;1,0;1,0;0,0;-0,7816998526669986;0,36215514864869347;boa;210,91500736665006;boa
p016_omit_q10;0,0;0,0;1,0;1,0;0,0;1,0;2,0;1,0;1,0;;1,0;2,0;0,0;1,0;1,0;1,0;1,0;0,0;1,0;2,0;2,0;2,0;1,0;1,0;0,0;-0,9064836450166178;0,35389055687570264;boa;204,6758177491691;boa
p016_omit_q11;0,0;0,0;1,0;1,0;0,0;1,0;2,0;1,0;1,0;2,0;;2,0;0,0;1,0;1,0;1,0;1,0;0,0;1,0;2,0;2,0;2,0;1,0;1,0;0,0;-0,6328011693215533;0,3749559476638918;boa;218,35994153392232;boa
p016_omit_q12;0,0;0,0;1,0;1,0;0,0;1,0;2,0;1,0;1,0;2,0;1,0;;0,0;1,0;1,0;1,0;1,0;0,0;1,0;2,0;2,0;2,0;1,0;1,0;0,0;-0,7588395103143261;0,36560498904712935;boa;212,0580244842837;boa
p016_omit_q13;0,0;0,0;1,0;1,0;0,0;1,0;2,0;1,0;1,0;2,0;1,0;2,0;;1,0;1,0;1,0;1,0;0,0;1,0;2,0;2,0;2,0;1,0;1,0;0,0;-0,6397166147447582;0,3670724958250883;boa;218,0141692627621;boa
p016_omit_q14;0,0;0,0;1,0;1,0;0,0;1,0;2,0;1,0;1,0;2,0;1,0;2,0;0,0;;1,0;1,0;1,0;0,0;1,0;2,0;2,0;2,0;1,0;1,0;0,0;-0,7272161399111996;0,3580965614414919;boa;213,63919300444002;boa
p016_omit_q15;0,0;0,0;1,0;1,0;0,0;1,0;2,0;1,0;1,0;2,0;1,0;2,0;0,0;1,0;;1,0;1,0;0,0;1,0;2,0;2,0;2,0;1,0;1,0;0,0;-0,7622670004241338;0,36322243865381876;boa;211,88664997879332;boa
p016_omit_q16;0,0;0,0;1,0;1,0;0,0;1,0;2,0;1,0;1,0;2,0;1,0;2,0;0,0;1,0;1,0;;1,0;0,0;1,0;2,0;2,0;2,0;1,0;1,0;0,0;-0,7217572831124949;0,3605094770871624;boa;213,91213584437526;boa
p016_omit_q17;0,0;0,0;1,0;1,0;0,0;1,0;2,0;1,0;1,0;2,0;1,0;2,0;0,0;1,0;1,0;1,0;;0,0;1,0;2,0;2,0;2,0;1,0;1,0;0,0;-0,5798410555536713;0,3710410675619431;boa;221,00794722231643;boa
p016_omit_q18;0,0;0,0;1,0;1,0;0,0;1,0;2,0;1,0;1,0;2,0;1,0;2,0;0,0;1,0;1,0;1,0;1,0;;1,0;2,0;2,0;2,0;1,0;1,0;0,0;-0,622150840623113;0,3593996865917692;boa;218,89245796884435;boa
p016_omit_q19;0,0;0,0;1,0;1,0;0,0;1,0;2,0;1,0;1,0;2,0;1,0;2,0;0,0;1,0;1,0;1,0;1,0;0,0;;2,0;2,0;2,0;1,0;1,0;0,0;-0,5390458185657228;0,3666199985834807;boa;223,04770907171385;boa
p016_omit_q20;0,0;0,0;1,0;1,0;0,0;1,0;2,0;1,0;1,0;2,0;1,0;2,0;0,0;1,0;1,0;1,0;1,0;0,0;1,0;;2,0;2,0;1,0;1,0;0,0;-0,91842103223577;0,35473901097646693;boa;204,0789483882115;boa
p016_omit_q21;0,0;0,0;1,0;1,0;0,0;1,0;2,0;1,0;1,0;2,0;1,0;2,0;0,0;1,0;1,0;1,0;1,0;0,0;1,0;2,0;;2,0;1,0;1,0;0,0;-0,841857924428492;0,35599512778355524;boa;207,9071037785754;boa
p016_omit_q22;0,0;0,0;1,0;1,0;0,0;1,0;2,0;1,0;1,0;2,0;1,0;2,0;0,0;1,0;1,0;1,0;1,0;0,0;1,0;2,0;2,0;;1,0;1,0;0,0;-0,8689087307771833;0,3642108027841274;boa;206,55456346114084;boa
p016_omit_q23;0,0;0,0;1,0;1,0;0,0;1,0;2,0;1,0;1,0;2,0;1,0;2,0;0,0;1,0;1,0;1,0;1,0;0,0;1,0;2,0;2,0;2,0;;1,0;0,0;-0,7313525275379621;0,3663322110486697;boa;213,4323736231019;boa
p016_omit_q24;0,0;0,0;1,0;1,0;0,0;1,0;2,0;1,0;1,0;2,0;1,0;2,0;0,0;1,0;1,0;1,0;1,0;0,0;1,0;2,0;2,0;2,0;1,0;;0,0;-0,5045679566148507;0,37323282636588184;boa;224,77160216925748;boa
p016_omit_q25;0,0;0,0;1,0;1,0;0,0;1,0;2,0;1,0;1,0;2,0;1,0;2,0;0,0;1,0;1,0;1,0;1,0;0,0;1,0;2,0;2,0;2,0;1,0;1,0;;-0,4271782421068285;0,36492280085429707;boa;228,64108789465857;boa
p017_full;1,0;2,0;1,0;1,0;3,0;1,0;2,0;1,0;2,0;2,0;2,0;3,0;2,0;1,0;2,0;2,0;1,0;0,0;1,0;2,0;1,0;1,0;2,0;1,0;2,0;0,4784013239770722;0,34754135774123374;boa;273,9200661988536;boa
p017_omit_q01;;2,0;1,0;1,0;3,0;1,0;2,0;1,0;2,0;2,0;2,0;3,0;2,0;1,0;2,0;2,0;1,0;0,0;1,0;2,0;1,0;1,0;2,0;1,0;2,0;0,44623989463400504;0,3527315363848367;boa;272,3119947317002;boa
p017_omit_q02;1,0;;1,0;1,0;3,0;1,0;2,0;1,0;2,0;2,0;2,0;3,0;2,0;1,0;2,0;2,0;1,0;0,0;1,0;2,0;1,0;1,0;2,0;1,0;2,0;0,43506649847684087;0,3513788794134404;boa;271,75332492384206;boa
p017_omit_q03;1,0;2,0;;1,0;3,0;1,0;2,0;1,0;2,0;2,0;2,0;3,0;2,0;1,0;2,0;2,0;1,0;0,0;1,0;2,0;1,0;1,0;2,0;1,0;2,0;0,4737416250515124;0,3482653130311969;boa;273,68708125257564;boa
p017_omit_q04;1,0;2,0;1,0;;3,0;1,0;2,0;1,0;2,0;2,0;2,0;3,0;2,0;1,0;2,0;2,0;1,0;0,0;1,0;2,0;1,0;1,0;2,0;1,0;2,0;0,47739933187892447;0,34775278880135546;boa;273,86996659394623;boa
p017_omit_q05;1,0;2,0;1,0;1,0;;1,0;2,0;1,0;2,0;2,0;2,0;3,0;2,0;1,0;2,0;2,0;1,0;0,0;1,0;2,0;1,0;1,0;2,0;1,0;2,0;0,41389880440911;0,351980306788449;boa;270,6949402204555;boa
p017_omit_q06;1,0;2,0;1,0;1,0;3,0;;2,0;1,0;2,0;2,0;2,0;3,0;2,0;1,0;2,0;2,0;1,0;0,0;1,0;2,0;1,0;1,0;2,0;1,0;2,0;0,441015172968933;0,35058168208677265;boa;272,0507586484467;boa
p017_omit_q07;1,0;2,0;1,0;1,0;3,0;1,0;;1,0;2,0;2,0;2,0;3,0;2,0;1,0;2,0;2,0;1,0;0,0;1,0;2,0;1,0;1,0;2,0;1,0;2,0;0,40149548836977506;0,34834492424421326;boa;270,07477441848874;boa
p017_omit_q08;1,0;2,0;1,0;1,0;3,0;1,0;2,0;;2,0;2,0;2,0;3,0;2,0;1,0;2,0;2,0;1,0;0,0;1,0;2,0;1,0;1,0;2,0;1,0;2,0;0,42009347246632145;0,351404823413988;boa;271,0046736233161;boa
p017_omit_q09;1,0;2,0;1,0;1,0;3,0;1,0;2,0;1,0;;2,0;2,0;3,0;2,0;1,0;2,0;2,0;1,0;0,0;1,0;2,0;1,0;1,0;2,0;1,0;2,0;0,4022645977219015;0,35245393367600125;boa;270,1132298860951;boa
p017_omit_q10;1,0;2,0;1,0;1,0;3,0;1,0;2,0;1,0;2,0;;2,0;3,0;2,0;1,0;2,0;2,0;1,0;0,0;1,0;2,0;1,0;1,0;2,0;1,0;2,0;0,32683965594937797;0,35583047178211535;boa;266,3419827974689;boa
p017_omit_q11;1,0;2,0;1,0;1,0;3,0;1,0;2,0;1,0;2,0;2,0;;3,0;2,0;1,0;2,0;2,0;1,0;0,0;1,0;2,0;1,0;1,0;2,0;1,0;2,0;0,5368693539649969;0,36527552501546606;muito boa;276,84346769824987;muito boa
p017_omit_q12;1,0;2,0;1,0;1,0;3,0;1,0;2,0;1,0;2,0;2,0;2,0;;2,0;1,0;2,0;2,0;1,0;0,0;1,0;2,0;1,0;1,0;2,0;1,0;2,0;0,3952539746394347;0,35222952145325176;boa;269,76269873197174;boa
p017_omit_q13;1,0;2,0;1,0;1,0;3,0;1,0;2,0;1,0;2,0;2,0;2,0;3,0;;1,0;2,0;2,0;1,0;0,0;1,0;2,0;1,0;1,0;2,0;1,0;2,0;0,37570111213036433;0,35442397686406263;boa;268,7850556065182;boa
p017_omit_q14;1,0;2,0;1,0;1,0;3,0;1,0;2,0;1,0;2,0;2,0;2,0;3,0;2,0;;2,0;2,0;1,0;0,0;1,0;2,0;1,0;1,0;2,0;1,0;2,0;0,47195592126461217;0,3483357506608382;boa;273,5977960632306;boa
p017_omit_q15;1,0;2,0;1,0;1,0;3,0;1,0;2,0;1,0;2,0;2,0;2,0;3,0;2,0;1,0;;2,0;1,0;0,0;1,0;2,0;1,0;1,0;2,0;1,0;2,0;0,3804728454923716;0,3501183424458014;boa;269,02364227461857;boa
p017_omit_q16;1,0;2,0;1,0;1,0;3,0;1,0;2,0;1,0;2,0;2,0;2,0;3,0;2,0;1,0;2,0;;1,0;0,0;1,0;2,0;1,0;1,0;2,0;1,0;2,0;0,40124239127543887;0,3491680067237772;boa;270,06211956377194;boa
p017_omit_q17;1,0;2,0;1,0;1,0;3,0;1,0;2,0;1,0;2,0;2,0;2,0;3,0;2,0;1,0;2,0;2,0;;0,0;1,0;2,0;1,0;1,0;2,0;1,0;2,0;0,6463749161293145;0,35406452079646766;muito boa;282,3187458064657;muito boa
p017_omit_q18;1,0;2,0;1,0;1,0;3,0;1,0;2,0;1,0;2,0;2,0;2,0;3,0;2,0;1,0;2,0;2,0;1,0;;1,0;2,0;1,0;1,0;2,0;1,0;2,0;0,5669076710752676;0,3496943361475554;muito boa;278,3453835537634;muito boa
p017_omit_q19;1,0;2,0;1,0;1,0;3,0;1,0;2,0;1,0;2,0;2,0;2,0;3,0;2,0;1,0;2,0;2,0;1,0;0,0;;2,0;1,0;1,0;2,0;1,0;2,0;0,661492720895335;0,3526085377245989;muito boa;283,07463604476675;muito boa
p017_omit_q20;1,0;2,0;1,0;1,0;3,0;1,0;2,0;1,0;2,0;2,0;2,0;3,0;2,0;1,0;2,0;2,0;1,0;0,0;1,0;;1,0;1,0;2,0;1,0;2,0;0,3313394055657424;0,35876362160502473;boa;266,5669702782871;boa
p017_omit_q21;1,0;2,0;1,0;1,0;3,0;1,0;2,0;1,0;2,0;2,0;2,0;3,0;2,0;1,0;2,0;2,0;1,0;0,0;1,0;2,0;;1,0;2,0;1,0;2,0;0,5175478133337649;0,3564341208295896;muito boa;275,87739066668826;muito boa
p017_omit_q22;1,0;2,0;1,0;1,0;3,0;1,0;2,0;1,0;2,0;2,0;2,0;3,0;2,0;1,0;2,0;2,0;1,0;0,0;1,0;2,0;1,0;;2,0;1,0;2,0;0,6319877366943588;0,3630068937715291;muito boa;281,59938683471796;muito boa
p017_omit_q23;1,0;2,0;1,0;1,0;3,0;1,0;2,0;1,0;2,0;2,0;2,0;3,0;2,0;1,0;2,0;2,0;1,0;0,0;1,0;2,0;1,0;1,0;;1,0;2,0;0,3823928604722161;0,35332898202418617;boa;269,1196430236108;boa
p017_omit_q24;1,0;2,0;1,0;1,0;3,0;1,0;2,0;1,0;2,0;2,0;2,0;3,0;2,0;1,0;2,0;2,0;1,0;0,0;1,0;2,0;1,0;1,0;2,0;;2,0;0,708155130489411;0,35416736420303047;muito boa;285,4077565244705;muito boa
p017_omit_q25;1,0;2,0;1,0;1,0;3,0;1,0;2,0;1,0;2,0;2,0;2,0;3,0;2,0;1,0;2,0;2,0;1,0;0,0;1,0;2,0;1,0;1,0;2,0;1,0;;0,6798267940951823;0,37350488009171573;muito boa;283,9913397047591;muito boa
p018_full;0,0;0,0;0,0;0,0;1,0;0,0;1,0;1,0;1,0;0,0;0,0;2,0;1,0;0,0;2,0;1,0;3,0;1,0;3,0;2,0;0,0;2,0;0,0;3,0;3,0;-0,17880960252609876;0,33498816433387957;boa;241,05951987369505;boa
p018_omit_q01;;0,0;0,0;0,0;1,0;0,0;1,0;1,0;1,0;0,0;0,0;2,0;1,0;0,0;2,0;1,0;3,0;1,0;3,0;2,0;0,0;2,0;0,0;3,0;3,0;-0,083983788194719;0,33924466319510893;boa;245,80081059026406;boa
p018_omit_q02;0,0;;0,0;0,0;1,0;0,0;1,0;1,0;1,0;0,0;0,0;2,0;1,0;0,0;2,0;1,0;3,0;1,0;3,0;2,0;0,0;2,0;0,0;3,0;3,0;-0,09191625913152504;0,3351055596610335;boa;245,40418704342375;boa
p018_omit_q03;0,0;0,0;;0,0;1,0;0,0;1,0;1,0;1,0;0,0;0,0;2,0;1,0;0,0;2,0;1,0;3,0;1,0;3,0;2,0;0,0;2,0;0,0;3,0;3,0;-0,0726485791022931;0,33318899129548357;boa;246,36757104488535;boa
p018_omit_q04;0,0;0,0;0,0;;1,0;0,0;1,0;1,0;1,0;0,0;0,0;2,0;1,0;0,0;2,0;1,0;3,0;1,0;3,0;2,0;0,0;2,0;0,0;3,0;3,0;-0,03551912339096758;0,33158650321728433;boa;248,22404383045162;boa
p018_omit_q05;0,0;0,0;0,0;0,0;;0,0;1,0;1,0;1,0;0,0;0,0;2,0;1,0;0,0;2,0;1,0;3,0;1,0;3,0;2,0;0,0;2,0;0,0;3,0;3,0;-0,08475332147575289;0,3352874190985974;boa;245,76233392621236;boa
p018_omit_q06;0,0;0,0;0,0;0,0;1,0;;1,0;1,0;1,0;0,0;0,0;2,0;1,0;0,0;2,0;1,0;3,0;1,0;3,0;2,0;0,0;2,0;0,0;3,0;3,0;-0,12812088955795245;0,33700741261735173;boa;243,5939555221024;boa
p018_omit_q07;0,0;0,0;0,0;0,0;1,0;0,0;;1,0;1,0;0,0;0,0;2,0;1,0;0,0;2,0;1,0;3,0;1,0;3,0;2,0;0,0;2,0;0,0;3,0;3,0;-0,2213067777447938;0,34063326727748694;boa;238,9346611127603;boa
p018_omit_q08;0,0;0,0;0,0;0,0;1,0;0,0;1,0;;1,0;0,0;0,0;2,0;1,0;0,0;2,0;1,0;3,0;1,0;3,0;2,0;0,0;2,0;0,0;3,0;3,0;-0,2501421272257638;0,3414746953401536;boa;237,49289363871182;boa
p018_omit_q09;0,0;0,0;0,0;0,0;1,0;0,0;1,0;1,0;;0,0;0,0;2,0;1,0;0,0;2,0;1,0;3,0;1,0;3,0;2,0;0,0;2,0;0,0;3,0;3,0;-0,22046683316219493;0,3444056190801485;boa;238,97665834189024;boa
p018_omit_q10;0,0;0,0;0,0;0,0;1,0;0,0;1,0;1,0;1,0;;0,0;2,0;1,0;0,0;2,0;1,0;3,0;1,0;3,0;2,0;0,0;2,0;0,0;3,0;3,0;-0,09351632669798074;0,34474438809203345;boa;245,32418366510097;boa
p018_omit_q11;0,0;0,0;0,0;0,0;1,0;0,0;1,0;1,0;1,0;0,0;;2,0;1,0;0,0;2,0;1,0;3,0;1,0;3,0;2,0;0,0;2,0;0,0;3,0;3,0;-0,029528756674213952;0,33314521735294367;boa;248,5235621662893;boa
p018_omit_q12;0,0;0,0;0,0;0,0;1,0;0,0;1,0;1,0;1,0;0,0;0,0;;1,0;0,0;2,0;1,0;3,0;1,0;3,0;2,0;0,0;2,0;0,0;3,0;3,0;-0,1932910410992643;0,3452427232706118;boa;240,33544794503678;boa
p018_omit_q13;0,0;0,0;0,0;0,0;1,0;0,0;1,0;1,0;1,0;0,0;0,0;2,0;;0,0;2,0;1,0;3,0;1,0;3,0;2,0;0,0;2,0;0,0;3,0;3,0;-0,21907811872380922;0,34889435330066143;boa;239,04609406380953;boa
p018_omit_q14;0,0;0,0;0,0;0,0;1,0;0,0;1,0;1,0;1,0;0,0;0,0;2,0;1,0;;2,0;1,0;3,0;1,0;3,0;2,0;0,0;2,0;0,0;3,0;3,0;-0,09325766078857536;0,33371997017521116;boa;245,33711696057122;boa
p018_omit_q15;0,0;0,0;0,0;0,0;1,0;0,0;1,0;1,0;1,0;0,0;0,0;2,0;1,0;0,0;;1,0;3,0;1,0;3,0;2,0;0,0;2,0;0,0;3,0;3,0;-0,28301726160714813;0,3411443628309223;boa;235,8491369196426;boa
p018_omit_q16;0,0;0,0;0,0;0,0;1,0;0,0;1,0;1,0;1,0;0,0;0,0;2,0;1,0;0,0;2,0;;3,0;1,0;3,0;2,0;0,0;2,0;0,0;3,0;3,0;-0,17761256642083645;0,3386744747567948;boa;241,11937167895817;boa
p018_omit_q17;0,0;0,0;0,0;0,0;1,0;0,0;1,0;1,0;1,0;0,0;0,0;2,0;1,0;0,0;2,0;1,0;;1,0;3,0;2,0;0,0;2,0;0,0;3,0;3,0;-0,3329725393434359;0,34418149843886114;boa;233,3513730328282;boa
p018_omit_q18;0,0;0,0;0,0;0,0;1,0;0,0;1,0;1,0;1,0;0,0;0,0;2,0;1,0;0,0;2,0;1,0;3,0;;3,0;2,0;0,0;2,0;0,0;3,0;3,0;-0,1312667625530504;0,33676262441356514;boa;243,43666187234749;boa
p018_omit_q19;0,0;0,0;0,0;0,0;1,0;0,0;1,0;1,0;1,0;0,0;0,0;2,0;1,0;0,0;2,0;1,0;3,0;1,0;;2,0;0,0;2,0;0,0;3,0;3,0;-0,30994594650416163;0,3485276003590605;boa;234,50270267479192;boa
p018_omit_q20;0,0;0,0;0,0;0,0;1,0;0,0;1,0;1,0;1,0;0,0;0,0;2,0;1,0;0,0;2,0;1,0;3,0;1,0;3,0;;0,0;2,0;0,0;3,0;3,0;-0,3554702858069394;0,3480984165757202;boa;232,22648570965302;boa
p018_omit_q21;0,0;0,0;0,0;0,0;1,0;0,0;1,0;1,0;1,0;0,0;0,0;2,0;1,0;0,0;2,0;1,0;3,0;1,0;3,0;2,0;;2,0;0,0;3,0;3,0;-0,06463619404451813;0,3343783312486599;boa;246,76819029777408;boa
p018_omit_q22;0,0;0,0;0,0;0,0;1,0;0,0;1,0;1,0;1,0;0,0;0,0;2,0;1,0;0,0;2,0;1,0;3,0;1,0;3,0;2,0;0,0;;0,0;3,0;3,0;-0,28478865685350246;0,3524591348288458;boa;235,76056715732489;boa
p018_omit_q23;0,0;0,0;0,0;0,0;1,0;0,0;1,0;1,0;1,0;0,0;0,0;2,0;1,0;0,0;2,0;1,0;3,0;1,0;3,0;2,0;0,0;2,0;;3,0;3,0;-0,06095141665767878;0,33512554684558005;boa;246,95242916711607;boa
p018_omit_q24;0,0;0,0;0,0;0,0;1,0;0,0;1,0;1,0;1,0;0,0;0,0;2,0;1,0;0,0;2,0;1,0;3,0;1,0;3,0;2,0;0,0;2,0;0,0;;3,0;-0,3462055254525028;0,35431911143908396;boa;232,68972372737485;boa
p018_omit_q25;0,0;0,0;0,0;0,0;1,0;0,0;1,0;1,0;1,0;0,0;0,0;2,0;1,0;0,0;2,0;1,0;3,0;1,0;3,0;2,0;0,0;2,0;0,0;3,0;;-0,3670587164982579;0,3615317970291611;boa;231,6470641750871;boa
p019_full;1,0;1,0;1,0;0,0;2,0;0,0;0,0;1,0;2,0;1,0;2,0;1,0;0,0;0,0;1,0;1,0;0,0;0,0;1,0;1,0;0,0;1,0;0,0;0,0;1,0;-1,3753489702374164;0,31637759037178625;ruim;181,23255148812916;ruim
p019_omit_q01;;1,0;1,0;0,0;2,0;0,0;0,0;1,0;2,0;1,0;2,0;1,0;0,0;0,0;1,0;1,0;0,0;0,0;1,0;1,0;0,0;1,0;0,0;0,0;1,0;-1,4701995257180733;0,3208053246807425;ruim;176,49002371409634;ruim
p019_omit_q02;1,0;;1,0;0,0;2,0;0,0;0,0;1,0;2,0;1,0;2,0;1,0;0,0;0,0;1,0;1,0;0,0;0,0;1,0;1,0;0,0;1,0;0,0;0,0;1,0;-1,3949760904692672;0,3224779901667293;ruim;180,25119547653662;ruim
p019_omit_q03;1,0;1,0;;0,0;2,0;0,0;0,0;1,0;2,0;1,0;2,0;1,0;0,0;0,0;1,0;1,0;0,0;0,0;1,0;1,0;0,0;1,0;0,0;0,0;1,0;-1,3963463635847972;0,31891544342594685;ruim;180,18268182076014;ruim
p019_omit_q04;1,0;1,0;1,0;;2,0;0,0;0,0;1,0;2,0;1,0;2,0;1,0;0,0;0,0;1,0;1,0;0,0;0,0;1,0;1,0;0,0;1,0;0,0;0,0;1,0;-1,251333247639418;0,31891849852052623;ruim;187,4333376180291;ruim
p019_omit_q05;1,0;1,0;1,0;0,0;;0,0;0,0;1,0;2,0;1,0;2,0;1,0;0,0;0,0;1,0;1,0;0,0;0,0;1,0;1,0;0,0;1,0;0,0;0,0;1,0;-1,3999150669758411;0,32193701428772475;ruim;180,00424665120795;ruim
p019_omit_q06;1,0;1,0;1,0;0,0;2,0;;0,0;1,0;2,0;1,0;2,0;1,0;0,0;0,0;1,0;1,0;0,0;0,0;1,0;1,0;0,0;1,0;0,0;0,0;1,0;-1,3509430943417016;0,3189870137648467;ruim;182,45284528291492;ruim
p019_omit_q07;1,0;1,0;1,0;0,0;2,0;0,0;;1,0;2,0;1,0;2,0;1,0;0,0;0,0;1,0;1,0;0,0;0,0;1,0;1,0;0,0;1,0;0,0;0,0;1,0;-1,3583205168751153;0,31817599645963557;ruim;182,08397415624424;ruim
p019_omit_q08;1,0;1,0;1,0;0,0;2,0;0,0;0,0;;2,0;1,0;2,0;1,0;0,0;0,0;1,0;1,0;0,0;0,0;1,0;1,0;0,0;1,0;0,0;0,0;1,0;-1,4570459846858603;0,3175835051037902;ruim;177,147700765707;ruim
p019_omit_q09;1,0;1,0;1,0;0,0;2,0;0,0;0,0;1,0;;1,0;2,0;1,0;0,0;0,0;1,0;1,0;0,0;0,0;1,0;1,0;0,0;1,0;0,0;0,0;1,0;-1,4689242375202751;0,31687745988209326;ruim;176,55378812398624;ruim
p019_omit_q10;1,0;1,0;1,0;0,0;2,0;0,0;0,0;1,0;2,0;;2,0;1,0;0,0;0,0;1,0;1,0;0,0;0,0;1,0;1,0;0,0;1,0;0,0;0,0;1,0;-1,52093517048847;0,31941276156483295;ruim;173,9532414755765;ruim
p019_omit_q11;1,0;1,0;1,0;0,0;2,0;0,0;0,0;1,0;2,0;1,0;;1,0;0,0;0,0;1,0;1,0;0,0;0,0;1,0;1,0;0,0;1,0;0,0;0,0;1,0;-1,4705803790962004;0,3239609472070812;ruim;176,47098104518997;ruim
p019_omit_q12;1,0;1,0;1,0;0,0;2,0;0,0;0,0;1,0;2,0;1,0;2,0;;0,0;0,0;1,0;1,0;0,0;0,0;1,0;1,0;0,0;1,0;0,0;0,0;1,0;-1,359551136433886;0,3241212616538195;ruim;182,0224431783057;ruim
p019_omit_q13;1,0;1,0;1,0;0,0;2,0;0,0;0,0;1,0;2,0;1,0;2,0;1,0;;0,0;1,0;1,0;0,0;0,0;1,0;1,0;0,0;1,0;0,0;0,0;1,0;-1,344538365391426;0,32137196880092583;ruim;182,77308173042871;ruim
p019_omit_q14;1,0;1,0;1,0;0,0;2,0;0,0;0,0;1,0;2,0;1,0;2,0;1,0;0,0;;1,0;1,0;0,0;0,0;1,0;1,0;0,0;1,0;0,0;0,0;1,0;-1,3096421656111203;0,3189643565166332;ruim;184,51789171944398;ruim
p019_omit_q15;1,0;1,0;1,0;0,0;2,0;0,0;0,0;1,0;2,0;1,0;2,0;1,0;0,0;0,0;;1,0;0,0;0,0;1,0;1,0;0,0;1,0;0,0;0,0;1,0;-1,4384152870853946;0,3206567758088477;ruim;178,07923564573028;ruim
p019_omit_q16;1,0;1,0;1,0;0,0;2,0;0,0;0,0;1,0;2,0;1,0;2,0;1,0;0,0;0,0;1,0;;0,0;0,0;1,0;1,0;0,0;1,0;0,0;0,0;1,0;-1,3976808027278576;0,31945816980448744;ruim;180,11595986360712;ruim
p019_omit_q17;1,0;1,0;1,0;0,0;2,0;0,0;0,0;1,0;2,0;1,0;2,0;1,0;0,0;0,0;1,0;1,0;;0,0;1,0;1,0;0,0;1,0;0,0;0,0;1,0;-1,2406722768462093;0,3204641679890578;ruim;187,96638615768953;ruim
p019_omit_q18;1,0;1,0;1,0;0,0;2,0;0,0;0,0;1,0;2,0;1,0;2,0;1,0;0,0;0,0;1,0;1,0;0,0;;1,0;1,0;0,0;1,0;0,0;0,0;1,0;-1,3099375477470494;0,31800702677609344;ruim;184,50312261264753;ruim
p019_omit_q19;1,0;1,0;1,0;0,0;2,0;0,0;0,0;1,0;2,0;1,0;2,0;1,0;0,0;0,0;1,0;1,0;0,0;0,0;;1,0;0,0;1,0;0,0;0,0;1,0;-1,2711391041280131;0,3268142709631529;ruim;186,44304479359934;ruim
p019_omit_q20;1,0;1,0;1,0;0,0;2,0;0,0;0,0;1,0;2,0;1,0;2,0;1,0;0,0;0,0;1,0;1,0;0,0;0,0;1,0;;0,0;1,0;0,0;0,0;1,0;-1,521971411588722;0,3222685979016469;ruim;173,9014294205639;ruim
p019_omit_q21;1,0;1,0;1,0;0,0;2,0;0,0;0,0;1,0;2,0;1,0;2,0;1,0;0,0;0,0;1,0;1,0;0,0;0,0;1,0;1,0;;1,0;0,0;0,0;1,0;-1,2984377948536374;0,3218010384598321;ruim;185,07811025731814;ruim
p019_omit_q22;1,0;1,0;1,0;0,0;2,0;0,0;0,0;1,0;2,0;1,0;2,0;1,0;0,0;0,0;1,0;1,0;0,0;0,0;1,0;1,0;0,0;;0,0;0,0;1,0;-1,4278128908011571;0,331926899007145;ruim;178,60935545994215;ruim
p019_omit_q23;1,0;1,0;1,0;0,0;2,0;0,0;0,0;1,0;2,0;1,0;2,0;1,0;0,0;0,0;1,0;1,0;0,0;0,0;1,0;1,0;0,0;1,0;;0,0;1,0;-1,302476485614124;0,32278987469062004;ruim;184,8761757192938;ruim
p019_omit_q24;1,0;1,0;1,0;0,0;2,0;0,0;0,0;1,0;2,0;1,0;2,0;1,0;0,0;0,0;1,0;1,0;0,0;0,0;1,0;1,0;0,0;1,0;0,0;;1,0;-1,2008356598919299;0,32290319510652454;ruim;189,9582170054035;ruim
p019_omit_q25;1,0;1,0;1,0;0,0;2,0;0,0;0,0;1,0;2,0;1,0;2,0;1,0;0,0;0,0;1,0;1,0;0,0;0,0;1,0;1,0;0,0;1,0;0,0;0,0;;-1,2646968646498058;0,3452092245440863;ruim;186,76515676750972;ruim
p020_full;0,0;0,0;1,0;0,0;2,0;0,0;0,0;0,0;1,0;1,0;3,0;2,0;2,0;1,0;0,0;0,0;0,0;1,0;1,0;1,0;2,0;2,0;1,0;0,0;0,0;-1,0993830064795114;0,3655340798836404;ruim;195,03084967602445;ruim
p020_omit_q01;;0,0;1,0;0,0;2,0;0,0;0,0;0,0;1,0;1,0;3,0;2,0;2,0;1,0;0,0;0,0;0,0;1,0;1,0;1,0;2,0;2,0;1,0;0,0;0,0;-1,0341953141768936;0,3740451005575236;ruim;198,29023429115531;ruim
p020_omit_q02;0,0;;1,0;0,0;2,0;0,0;0,0;0,0;1,0;1,0;3,0;2,0;2,0;1,0;0,0;0,0;0,0;1,0;1,0;1,0;2,0;2,0;1,0;0,0;0,0;-1,0166666644576174;0,36957964248373265;ruim;199,16666677711913;ruim
p020_omit_q03;0,0;0,0;;0,0;2,0;0,0;0,0;0,0;1,0;1,0;3,0;2,0;2,0;1,0;0,0;0,0;0,0;1,0;1,0;1,0;2,0;2,0;1,0;0,0;0,0;-1,1221125761287138;0,36924383962392976;ruim;193,89437119356433;ruim
p020_omit_q04;0,0;0,0;1,0;;2,0;0,0;0,0;0,0;1,0;1,0;3,0;2,0;2,0;1,0;0,0;0,0;0,0;1,0;1,0;1,0;2,0;2,0;1,0;0,0;0,0;-0,9322970329589098;0,3649412289333558;boa;203,3851483520545;boa
p020_omit_q05;0,0;0,0;1,0;0,0;;0,0;0,0;0,0;1,0;1,0;3,0;2,0;2,0;1,0;0,0;0,0;0,0;1,0;1,0;1,0;2,0;2,0;1,0;0,0;0,0;-1,1191787166852232;0,3746304876311893;ruim;194,04106416573885;ruim
p020_omit_q06;0,0;0,0;1,0;0,0;2,0;;0,0;0,0;1,0;1,0;3,0;2,0;2,0;1,0;0,0;0,0;0,0;1,0;1,0;1,0;2,0;2,0;1,0;0,0;0,0;-1,0608104333444364;0,3691128993098001;ruim;196,9594783327782;ruim
p020_omit_q07;0,0;0,0;1,0;0,0;2,0;0,0;;0,0;1,0;1,0;3,0;2,0;2,0;1,0;0,0;0,0;0,0;1,0;1,0;1,0;2,0;2,0;1,0;0,0;0,0;-1,0724867547888746;0,368066613291983;ruim;196,37566226055628;ruim
p020_omit_q08;0,0;0,0;1,0;0,0;2,0;0,0;0,0;;1,0;1,0;3,0;2,0;2,0;1,0;0,0;0,0;0,0;1,0;1,0;1,0;2,0;2,0;1,0;0,0;0,0;-1,0747527265394794;0,3686668401170969;ruim;196,26236367302602;ruim
p020_omit_q09;0,0;0,0;1,0;0,0;2,0;0,0;0,0;0,0;;1,0;3,0;2,0;2,0;1,0;0,0;0,0;0,0;1,0;1,0;1,0;2,0;2,0;1,0;0,0;0,0;-1,191160182998827;0,3727344320646734;ruim;190,44199085005866;ruim
p020_omit_q10;0,0;0,0;1,0;0,0;2,0;0,0;0,0;0,0;1,0;;3,0;2,0;2,0;1,0;0,0;0,0;0,0;1,0;1,0;1,0;2,0;2,0;1,0;0,0;0,0;-1,2853939921353745;0,375138431987794;ruim;185,7303003932313;ruim
p020_omit_q11;0,0;0,0;1,0;0,0;2,0;0,0;0,0;0,0;1,0;1,0;;2,0;2,0;1,0;0,0;0,0;0,0;1,0;1,0;1,0;2,0;2,0;1,0;0,0;0,0;-1,2774295745537083;0,3700767130081553;ruim;186,12852127231457;ruim
p020_omit_q12;0,0;0,0;1,0;0,0;2,0;0,0;0,0;0,0;1,0;1,0;3,0;;2,0;1,0;0,0;0,0;0,0;1,0;1,0;1,0;2,0;2,0;1,0;0,0;0,0;-1,1742707613476695;0,37591514452762015;ruim;191,28646193261653;ruim
p020_omit_q13;0,0;0,0;1,0;0,0;2,0;0,0;0,0;0,0;1,0;1,0;3,0;2,0;;1,0;0,0;0,0;0,0;1,0;1,0;1,0;2,0;2,0;1,0;0,0;0,0;-1,261458211406413;0,36888484254476916;ruim;186,92708942967934;ruim
p020_omit_q14;0,0;0,0;1,0;0,0;2,0;0,0;0,0;0,0;1,0;1,0;3,0;2,0;2,0;;0,0;0,0;0,0;1,0;1,0;1,0;2,0;2,0;1,0;0,0;0,0;-1,1228526475935174;0,36862771423988444;ruim;193,8573676203241;ruim
p020_omit_q15;0,0;0,0;1,0;0,0;2,0;0,0;0,0;0,0;1,0;1,0;3,0;2,0;2,0;1,0;;0,0;0,0;1,0;1,0;1,0;2,0;2,0;1,0;0,0;0,0;-1,035641707996449;0,37131742549304125;ruim;198,21791460017755;ruim
p020_omit_q16;0,0;0,0;1,0;0,0;2,0;0,0;0,0;0,0;1,0;1,0;3,0;2,0;2,0;1,0;0,0;;0,0;1,0;1,0;1,0;2,0;2,0;1,0;0,0;0,0;-1,0162236145868162;0,367924312687382;ruim;199,1888192706592;ruim
p020_omit_q17;0,0;0,0;1,0;0,0;2,0;0,0;0,0;0,0;1,0;1,0;3,0;2,0;2,0;1,0;0,0;0,0;;1,0;1,0;1,0;2,0;2,0;1,0;0,0;0,0;-0,9154358621816148;0,36612832654531163;boa;204,22820689091927;boa
p020_omit_q18;0,0;0,0;1,0;0,0;2,0;0,0;0,0;0,0;1,0;1,0;3,0;2,0;2,0;1,0;0,0;0,0;0,0;;1,0;1,0;2,0;2,0;1,0;0,0;0,0;-1,065557791461809;0,37007874854531286;ruim;196,72211042690955;ruim
p020_omit_q19;0,0;0,0;1,0;0,0;2,0;0,0;0,0;0,0;1,0;1,0;3,0;2,0;2,0;1,0;0,0;0,0;0,0;1,0;;1,0;2,0;2,0;1,0;0,0;0,0;-0,9411412155921544;0,37422524270508867;boa;202,94293922039228;boa
p020_omit_q20;0,0;0,0;1,0;0,0;2,0;0,0;0,0;0,0;1,0;1,0;3,0;2,0;2,0;1,0;0,0;0,0;0,0;1,0;1,0;;2,0;2,0;1,0;0,0;0,0;-1,2797742978692592;0,38089004169322693;ruim;186,01128510653703;ruim
p020_omit_q21;0,0;0,0;1,0;0,0;2,0;0,0;0,0;0,0;1,0;1,0;3,0;2,0;2,0;1,0;0,0;0,0;0,0;1,0;1,0;1,0;;2,0;1,0;0,0;0,0;-1,244790228006004;0,36864185118708137;ruim;187,7604885996998;ruim
p020_omit_q22;0,0;0,0;1,0;0,0;2,0;0,0;0,0;0,0;1,0;1,0;3,0;2,0;2,0;1,0;0,0;0,0;0,0;1,0;1,0;1,0;2,0;;1,0;0,0;0,0;-1,292514049523716;0,37525795025142106;ruim;185,37429752381422;ruim
p020_omit_q23;0,0;0,0;1,0;0,0;2,0;0,0;0,0;0,0;1,0;1,0;3,0;2,0;2,0;1,0;0,0;0,0;0,0;1,0;1,0;1,0;2,0;2,0;;0,0;0,0;-1,1470059849422365;0,37728274225321456;ruim;192,64970075288818;ruim
p020_omit_q24;0,0;0,0;1,0;0,0;2,0;0,0;0,0;0,0;1,0;1,0;3,0;2,0;2,0;1,0;0,0;0,0;0,0;1,0;1,0;1,0;2,0;2,0;1,0;;0,0;-0,8598284950014513;0,3666989298896528;boa;207,00857524992745;boa
p020_omit_q25;0,0;0,0;1,0;0,0;2,0;0,0;0,0;0,0;1,0;1,0;3,0;2,0;2,0;1,0;0,0;0,0;0,0;1,0;1,0;1,0;2,0;2,0;1,0;0,0;;-0,8176940111774805;0,36692513486176326;boa;209,11529944112598;boa
