"ID";"esq_q1_sem0";"esq_q2_sem0";"esq_q3_sem0";"esq_q4_sem0";"esq_q5_sem0";"esq_q6_sem0";"esq_q7_sem0";"esq_q8_sem0";"esq_q9_sem0";"esq_q10_sem0";"esq_q11_sem0";"esq_q12_sem0";"esq_q13_sem0";"esq_q14_sem0";"esq_q15_sem0";"esq_q16_sem0";"esq_q17_sem0";"esq_q18_sem0";"esq_q19_sem0";"esq_q20_sem0";"esq_q21_sem0";"esq_q22_sem0";"esq_q23_sem0";"esq_q24_sem0";"esq_q25_sem0";"F1";"SE_F1";"escore.cat";"F1novo";"escore.cat.novo"
"p001_full";1;2;1;1;2;0;1;1;2;2;1;2;2;1;0;1;1;1;0;0;2;2;1;1;1;-0,51689496491072;0,341843399980214;"boa";224,155251754464;"boa"
"p001_omit_q01";NA;2;1;1;2;0;1;1;2;2;1;2;2;1;0;1;1;1;0;0;2;2;1;1;1;-0,589026713259057;0,347770414815671;"boa";220,548664337047;"boa"
"p001_omit_q02";1;NA;1;1;2;0;1;1;2;2;1;2;2;1;0;1;1;1;0;0;2;2;1;1;1;-0,584563921019253;0,344142226685187;"boa";220,771803949037;"boa"
"p001_omit_q03";1;2;NA;1;2;0;1;1;2;2;1;2;2;1;0;1;1;1;0;0;2;2;1;1;1;-0,528487368152356;0,343307393410686;"boa";223,575631592382;"boa"
"p001_omit_q04";1;2;1;NA;2;0;1;1;2;2;1;2;2;1;0;1;1;1;0;0;2;2;1;1;1;-0,520366841501667;0,342491425170785;"boa";223,981657924917;"boa"
"p001_omit_q05";1;2;1;1;NA;0;1;1;2;2;1;2;2;1;0;1;1;1;0;0;2;2;1;1;1;-0,508057963058793;0,349540194978233;"boa";224,59710184706;"boa"
"p001_omit_q06";1;2;1;1;2;NA;1;1;2;2;1;2;2;1;0;1;1;1;0;0;2;2;1;1;1;-0,47059784148816;0,347026636341882;"boa";226,470107925592;"boa"
"p001_omit_q07";1;2;1;1;2;0;NA;1;2;2;1;2;2;1;0;1;1;1;0;0;2;2;1;1;1;-0,568351907828768;0,344161332778545;"boa";221,582404608562;"boa"
"p001_omit_q08";1;2;1;1;2;0;1;NA;2;2;1;2;2;1;0;1;1;1;0;0;2;2;1;1;1;-0,597219486801471;0,343024668563794;"boa";220,139025659926;"boa"
"p001_omit_q09";1;2;1;1;2;0;1;1;NA;2;1;2;2;1;0;1;1;1;0;0;2;2;1;1;1;-0,61488389610166;0,34187129111477;"boa";219,255805194917;"boa"
"p001_omit_q10";1;2;1;1;2;0;1;1;2;NA;1;2;2;1;0;1;1;1;0;0;2;2;1;1;1;-0,694250918495879;0,339233075168463;"boa";215,287454075206;"boa"
"p001_omit_q11";1;2;1;1;2;0;1;1;2;2;NA;2;2;1;0;1;1;1;0;0;2;2;1;1;1;-0,429042633317082;0,358095799239176;"boa";228,547868334146;"boa"
"p001_omit_q12";1;2;1;1;2;0;1;1;2;2;1;NA;2;1;0;1;1;1;0;0;2;2;1;1;1;-0,550406422353645;0,350471538826105;"boa";222,479678882318;"boa"
"p001_omit_q13";1;2;1;1;2;0;1;1;2;2;1;2;NA;1;0;1;1;1;0;0;2;2;1;1;1;-0,647637611399185;0,341394642280997;"boa";217,618119430041;"boa"
"p001_omit_q14";1;2;1;1;2;0;1;1;2;2;1;2;2;NA;0;1;1;1;0;0;2;2;1;1;1;-0,530255219663843;0,343116294614774;"boa";223,487239016808;"boa"
"p001_omit_q15";1;2;1;1;2;0;1;1;2;2;1;2;2;1;NA;1;1;1;0;0;2;2;1;1;1;-0,441784055025714;0,349457760248359;"boa";227,910797248714;"boa"
"p001_omit_q16";1;2;1;1;2;0;1;1;2;2;1;2;2;1;0;NA;1;1;0;0;2;2;1;1;1;-0,522827871263169;0,345549863096419;"boa";223,858606436842;"boa"
"p001_omit_q17";1;2;1;1;2;0;1;1;2;2;1;2;2;1;0;1;NA;1;0;0;2;2;1;1;1;-0,385567435794065;0,354778009381084;"boa";230,721628210297;"boa"
"p001_omit_q18";1;2;1;1;2;0;1;1;2;2;1;2;2;1;0;1;1;NA;0;0;2;2;1;1;1;-0,473543981668715;0,346874178163988;"boa";226,322800916564;"boa"
"p001_omit_q19";1;2;1;1;2;0;1;1;2;2;1;2;2;1;0;1;1;1;NA;0;2;2;1;1;1;-0,337468212786602;0,34813198322403;"boa";233,12658936067;"boa"
"p001_omit_q20";1;2;1;1;2;0;1;1;2;2;1;2;2;1;0;1;1;1;0;NA;2;2;1;1;1;-0,411284903497478;0,360484702444137;"boa";229,435754825126;"boa"
"p001_omit_q21";1;2;1;1;2;0;1;1;2;2;1;2;2;1;0;1;1;1;0;0;NA;2;1;1;1;-0,634546036835579;0,341233501140598;"boa";218,272698158221;"boa"
"p001_omit_q22";1;2;1;1;2;0;1;1;2;2;1;2;2;1;0;1;1;1;0;0;2;NA;1;1;1;-0,6490560466908;0,349794636298249;"boa";217,54719766546;"boa"
"p001_omit_q23";1;2;1;1;2;0;1;1;2;2;1;2;2;1;0;1;1;1;0;0;2;2;NA;1;1;-0,525371097606313;0,350823994710887;"boa";223,731445119684;"boa"
"p001_omit_q24";1;2;1;1;2;0;1;1;2;2;1;2;2;1;0;1;1;1;0;0;2;2;1;NA;1;-0,316090558027319;0,356236317669687;"boa";234,195472098634;"boa"
"p001_omit_q25";1;2;1;1;2;0;1;1;2;2;1;2;2;1;0;1;1;1;0;0;2;2;1;1;NA;-0,274841495790426;0,358542517200203;"boa";236,257925210479;"boa"
"p002_full";1;2;1;0;2;1;2;0;3;3;3;2;2;1;1;2;3;1;2;2;1;1;2;3;3;1,07427405743908;0,348319556199932;"muito boa";303,713702871954;"muito boa"
"p002_omit_q01";NA;2;1;0;2;1;2;0;3;3;3;2;2;1;1;2;3;1;2;2;1;1;2;3;3;1,05767590908496;0,350737346608414;"muito boa";302,883795454248;"muito boa"
"p002_omit_q02";1;NA;1;0;2;1;2;0;3;3;3;2;2;1;1;2;3;1;2;2;1;1;2;3;3;1,04523889311001;0,350405947701988;"muito boa";302,2619446555;"muito boa"
"p002_omit_q03";1;2;NA;0;2;1;2;0;3;3;3;2;2;1;1;2;3;1;2;2;1;1;2;3;3;1,07171559139378;0,348628293012968;"muito boa";303,585779569689;"muito boa"
"p002_omit_q04";1;2;1;NA;2;1;2;0;3;3;3;2;2;1;1;2;3;1;2;2;1;1;2;3;3;1,23692976803706;0,357887224818983;"muito boa";311,846488401853;"muito boa"
"p002_omit_q05";1;2;1;0;NA;1;2;0;3;3;3;2;2;1;1;2;3;1;2;2;1;1;2;3;3;1,15105314782953;0,358791989639656;"muito boa";307,552657391476;"muito boa"
"p002_omit_q06";1;2;1;0;2;NA;2;0;3;3;3;2;2;1;1;2;3;1;2;2;1;1;2;3;3;1,04838590940295;0,34989314965507;"muito boa";302,419295470147;"muito boa"
"p002_omit_q07";1;2;1;0;2;1;NA;0;3;3;3;2;2;1;1;2;3;1;2;2;1;1;2;3;3;1,00545388954107;0,347294896435125;"muito boa";300,272694477054;"muito boa"
"p002_omit_q08";1;2;1;0;2;1;2;NA;3;3;3;2;2;1;1;2;3;1;2;2;1;1;2;3;3;1,15162516867781;0,35717741759794;"muito boa";307,581258433891;"muito boa"
"p002_omit_q09";1;2;1;0;2;1;2;0;NA;3;3;2;2;1;1;2;3;1;2;2;1;1;2;3;3;0,968955998353321;0,345305233100716;"muito boa";298,447799917666;"muito boa"
"p002_omit_q10";1;2;1;0;2;1;2;0;3;NA;3;2;2;1;1;2;3;1;2;2;1;1;2;3;3;0,897755493559306;0,343599556154271;"muito boa";294,887774677965;"muito boa"
"p002_omit_q11";1;2;1;0;2;1;2;0;3;3;NA;2;2;1;1;2;3;1;2;2;1;1;2;3;3;1,01265757658088;0,354758758882673;"muito boa";300,632878829044;"muito boa"
"p002_omit_q12";1;2;1;0;2;1;2;0;3;3;3;NA;2;1;1;2;3;1;2;2;1;1;2;3;3;1,13608733718136;0,361097019128361;"muito boa";306,804366859068;"muito boa"
"p002_omit_q13";1;2;1;0;2;1;2;0;3;3;3;2;NA;1;1;2;3;1;2;2;1;1;2;3;3;1,00623574877701;0,355806293721695;"muito boa";300,31178743885;"muito boa"
"p002_omit_q14";1;2;1;0;2;1;2;0;3;3;3;2;2;NA;1;2;3;1;2;2;1;1;2;3;3;1,0703203217261;0,348673819241781;"muito boa";303,516016086305;"muito boa"
"p002_omit_q15";1;2;1;0;2;1;2;0;3;3;3;2;2;1;NA;2;3;1;2;2;1;1;2;3;3;1,10846908204408;0,358435893062316;"muito boa";305,423454102204;"muito boa"
"p002_omit_q16";1;2;1;0;2;1;2;0;3;3;3;2;2;1;1;NA;3;1;2;2;1;1;2;3;3;1,00821659908581;0,348318391861751;"muito boa";300,410829954291;"muito boa"
"p002_omit_q17";1;2;1;0;2;1;2;0;3;3;3;2;2;1;1;2;NA;1;2;2;1;1;2;3;3;0,964854419610839;0,35318762666266;"muito boa";298,242720980542;"muito boa"
"p002_omit_q18";1;2;1;0;2;1;2;0;3;3;3;2;2;1;1;2;3;NA;2;2;1;1;2;3;3;1,14787920015239;0,354657603797035;"muito boa";307,393960007619;"muito boa"
"p002_omit_q19";1;2;1;0;2;1;2;0;3;3;3;2;2;1;1;2;3;1;NA;2;1;1;2;3;3;1,21746225967932;0,366729938363362;"muito boa";310,873112983966;"muito boa"
"p002_omit_q20";1;2;1;0;2;1;2;0;3;3;3;2;2;1;1;2;3;1;2;NA;1;1;2;3;3;0,980927063399094;0,358787550002585;"muito boa";299,046353169955;"muito boa"
"p002_omit_q21";1;2;1;0;2;1;2;0;3;3;3;2;2;1;1;2;3;1;2;2;NA;1;2;3;3;1,14287953252288;0,36049312539447;"muito boa";307,143976626144;"muito boa"
"p002_omit_q22";1;2;1;0;2;1;2;0;3;3;3;2;2;1;1;2;3;1;2;2;1;NA;2;3;3;1,26318352092181;0,365513685621839;"muito boa";313,15917604609;"muito boa"
"p002_omit_q23";1;2;1;0;2;1;2;0;3;3;3;2;2;1;1;2;3;1;2;2;1;1;NA;3;3;1,00543242746698;0,352526348903119;"muito boa";300,271621373349;"muito boa"
"p002_omit_q24";1;2;1;0;2;1;2;0;3;3;3;2;2;1;1;2;3;1;2;2;1;1;2;NA;3;1,02337970782825;0,358454204908504;"muito boa";301,168985391413;"muito boa"
"p002_omit_q25";1;2;1;0;2;1;2;0;3;3;3;2;2;1;1;2;3;1;2;2;1;1;2;3;NA;1,03742851251412;0,358351647300355;"muito boa";301,871425625706;"muito boa"
"p003_full";0;0;0;0;2;1;2;0;2;3;2;3;3;1;1;2;2;2;2;1;1;1;1;3;2;0,0983436878814614;0,31148534746941;"boa";254,917184394073;"boa"
"p003_omit_q01";NA;0;0;0;2;1;2;0;2;3;2;3;3;1;1;2;2;2;2;1;1;1;1;3;2;0,190511938640348;0,316866722901568;"boa";259,525596932017;"boa"
"p003_omit_q02";0;NA;0;0;2;1;2;0;2;3;2;3;3;1;1;2;2;2;2;1;1;1;1;3;2;0,17760188660033;0,313587913203675;"boa";258,880094330017;"boa"
"p003_omit_q03";0;0;NA;0;2;1;2;0;2;3;2;3;3;1;1;2;2;2;2;1;1;1;1;3;2;0,192605321917136;0,312661761606962;"boa";259,630266095857;"boa"
"p003_omit_q04";0;0;0;NA;2;1;2;0;2;3;2;3;3;1;1;2;2;2;2;1;1;1;1;3;2;0,224450524060026;0,312467729135762;"boa";261,222526203001;"boa"
"p003_omit_q05";0;0;0;0;NA;1;2;0;2;3;2;3;3;1;1;2;2;2;2;1;1;1;1;3;2;0,127165095437516;0,317047568559145;"boa";256,358254771876;"boa"
"p003_omit_q06";0;0;0;0;2;NA;2;0;2;3;2;3;3;1;1;2;2;2;2;1;1;1;1;3;2;0,0617105863974249;0,314311778090372;"boa";253,085529319871;"boa"
"p003_omit_q07";0;0;0;0;2;1;NA;0;2;3;2;3;3;1;1;2;2;2;2;1;1;1;1;3;2;0,0332251691082929;0,312712442609763;"boa";251,661258455415;"boa"
"p003_omit_q08";0;0;0;0;2;1;2;NA;2;3;2;3;3;1;1;2;2;2;2;1;1;1;1;3;2;0,137813428167747;0,315005217484582;"boa";256,890671408387;"boa"
"p003_omit_q09";0;0;0;0;2;1;2;0;NA;3;2;3;3;1;1;2;2;2;2;1;1;1;1;3;2;0,0274660448809155;0,31505626830976;"boa";251,373302244046;"boa"
"p003_omit_q10";0;0;0;0;2;1;2;0;2;NA;2;3;3;1;1;2;2;2;2;1;1;1;1;3;2;-0,0565415298650388;0,312481596119367;"boa";247,172923506748;"boa"
"p003_omit_q11";0;0;0;0;2;1;2;0;2;3;NA;3;3;1;1;2;2;2;2;1;1;1;1;3;2;0,11371048044739;0,324408586717733;"boa";255,685524022369;"boa"
"p003_omit_q12";0;0;0;0;2;1;2;0;2;3;2;NA;3;1;1;2;2;2;2;1;1;1;1;3;2;0,0216617729976713;0,315295853982849;"boa";251,083088649884;"boa"
"p003_omit_q13";0;0;0;0;2;1;2;0;2;3;2;3;NA;1;1;2;2;2;2;1;1;1;1;3;2;-0,0235236191147582;0,312164369302434;"boa";248,823819044262;"boa"
"p003_omit_q14";0;0;0;0;2;1;2;0;2;3;2;3;3;NA;1;2;2;2;2;1;1;1;1;3;2;0,0913757525720001;0,312338501599646;"boa";254,5687876286;"boa"
"p003_omit_q15";0;0;0;0;2;1;2;0;2;3;2;3;3;1;NA;2;2;2;2;1;1;1;1;3;2;0,0882267700798969;0,317348521937187;"boa";254,411338503995;"boa"
"p003_omit_q16";0;0;0;0;2;1;2;0;2;3;2;3;3;1;1;NA;2;2;2;1;1;1;1;3;2;0,031681931638889;0,313234614778697;"boa";251,584096581944;"boa"
"p003_omit_q17";0;0;0;0;2;1;2;0;2;3;2;3;3;1;1;2;NA;2;2;1;1;1;1;3;2;0,102028841796241;0,319444600739333;"boa";255,101442089812;"boa"
"p003_omit_q18";0;0;0;0;2;1;2;0;2;3;2;3;3;1;1;2;2;NA;2;1;1;1;1;3;2;0,0734577162833023;0,313446578829108;"boa";253,672885814165;"boa"
"p003_omit_q19";0;0;0;0;2;1;2;0;2;3;2;3;3;1;1;2;2;2;NA;1;1;1;1;3;2;0,151544187912441;0,321834340491014;"boa";257,577209395622;"boa"
"p003_omit_q20";0;0;0;0;2;1;2;0;2;3;2;3;3;1;1;2;2;2;2;NA;1;1;1;3;2;0,0842256903068541;0,329915245647814;"boa";254,211284515343;"boa"
"p003_omit_q21";0;0;0;0;2;1;2;0;2;3;2;3;3;1;1;2;2;2;2;1;NA;1;1;3;2;0,115349476570386;0,317146981271836;"boa";255,767473828519;"boa"
"p003_omit_q22";0;0;0;0;2;1;2;0;2;3;2;3;3;1;1;2;2;2;2;1;1;NA;1;3;2;0,193574734303685;0,324381073896199;"boa";259,678736715184;"boa"
"p003_omit_q23";0;0;0;0;2;1;2;0;2;3;2;3;3;1;1;2;2;2;2;1;1;1;NA;3;2;0,118568490358696;0,318652514704204;"boa";255,928424517935;"boa"
"p003_omit_q24";0;0;0;0;2;1;2;0;2;3;2;3;3;1;1;2;2;2;2;1;1;1;1;NA;2;-0,0215152203092087;0,32416414237637;"boa";248,92423898454;"boa"
"p003_omit_q25";0;0;0;0;2;1;2;0;2;3;2;3;3;1;1;2;2;2;2;1;1;1;1;3;NA;0,209169990788546;0,333589903511997;"boa";260,458499539427;"boa"
"p004_full";1;2;1;0;2;1;0;0;1;1;1;1;1;0;1;1;2;1;3;1;0;2;0;2;3;-0,190452011749513;0,299376603515808;"boa";240,477399412524;"boa"
"p004_omit_q01";NA;2;1;0;2;1;0;0;1;1;1;1;1;0;1;1;2;1;3;1;0;2;0;2;3;-0,234259703187965;0,305298104262825;"boa";238,287014840602;"boa"
"p004_omit_q02";1;NA;1;0;2;1;0;0;1;1;1;1;1;0;1;1;2;1;3;1;0;2;0;2;3;-0,236184877511701;0,303095241817851;"boa";238,190756124415;"boa"
"p004_omit_q03";1;2;NA;0;2;1;0;0;1;1;1;1;1;0;1;1;2;1;3;1;0;2;0;2;3;-0,197014819579364;0,300404775697859;"boa";240,149259021032;"boa"
"p004_omit_q04";1;2;1;NA;2;1;0;0;1;1;1;1;1;0;1;1;2;1;3;1;0;2;0;2;3;-0,0748184347530682;0,299351677029963;"boa";246,259078262347;"boa"
"p004_omit_q05";1;2;1;0;NA;1;0;0;1;1;1;1;1;0;1;1;2;1;3;1;0;2;0;2;3;-0,173391626350972;0,304291806181179;"boa";241,330418682451;"boa"
"p004_omit_q06";1;2;1;0;2;NA;0;0;1;1;1;1;1;0;1;1;2;1;3;1;0;2;0;2;3;-0,229200486801176;0,302431783223601;"boa";238,539975659941;"boa"
"p004_omit_q07";1;2;1;0;2;1;NA;0;1;1;1;1;1;0;1;1;2;1;3;1;0;2;0;2;3;-0,161558497963267;0,301239619393144;"boa";241,922075101837;"boa"
"p004_omit_q08";1;2;1;0;2;1;0;NA;1;1;1;1;1;0;1;1;2;1;3;1;0;2;0;2;3;-0,159748350217327;0,302048927383128;"boa";242,012582489134;"boa"
"p004_omit_q09";1;2;1;0;2;1;0;0;NA;1;1;1;1;0;1;1;2;1;3;1;0;2;0;2;3;-0,223562287307704;0,305452790363105;"boa";238,821885634615;"boa"
"p004_omit_q10";1;2;1;0;2;1;0;0;1;NA;1;1;1;0;1;1;2;1;3;1;0;2;0;2;3;-0,265050881681177;0,312134695053744;"boa";236,747455915941;"boa"
"p004_omit_q11";1;2;1;0;2;1;0;0;1;1;NA;1;1;0;1;1;2;1;3;1;0;2;0;2;3;-0,107221710590396;0,306438623142771;"boa";244,63891447048;"boa"
"p004_omit_q12";1;2;1;0;2;1;0;0;1;1;1;NA;1;0;1;1;2;1;3;1;0;2;0;2;3;-0,131137666714497;0,30380477489143;"boa";243,443116664275;"boa"
"p004_omit_q13";1;2;1;0;2;1;0;0;1;1;1;1;NA;0;1;1;2;1;3;1;0;2;0;2;3;-0,222382418772519;0,308646224240863;"boa";238,880879061374;"boa"
"p004_omit_q14";1;2;1;0;2;1;0;0;1;1;1;1;1;NA;1;1;2;1;3;1;0;2;0;2;3;-0,121755940736972;0,299948693091766;"boa";243,912202963151;"boa"
"p004_omit_q15";1;2;1;0;2;1;0;0;1;1;1;1;1;0;NA;1;2;1;3;1;0;2;0;2;3;-0,209811031854992;0,304834317562349;"boa";239,50944840725;"boa"
"p004_omit_q16";1;2;1;0;2;1;0;0;1;1;1;1;1;0;1;NA;2;1;3;1;0;2;0;2;3;-0,189555501738253;0,302040031352756;"boa";240,522224913087;"boa"
"p004_omit_q17";1;2;1;0;2;1;0;0;1;1;1;1;1;0;1;1;NA;1;3;1;0;2;0;2;3;-0,200706123821939;0,30670984501799;"boa";239,964693808903;"boa"
"p004_omit_q18";1;2;1;0;2;1;0;0;1;1;1;1;1;0;1;1;2;NA;3;1;0;2;0;2;3;-0,152487824538569;0,301480444170644;"boa";242,375608773072;"boa"
"p004_omit_q19";1;2;1;0;2;1;0;0;1;1;1;1;1;0;1;1;2;1;NA;1;0;2;0;2;3;-0,293633742346638;0,307117287676312;"boa";235,318312882668;"boa"
"p004_omit_q20";1;2;1;0;2;1;0;0;1;1;1;1;1;0;1;1;2;1;3;NA;0;2;0;2;3;-0,23498209155228;0,315705688858451;"boa";238,250895422386;"boa"
"p004_omit_q21";1;2;1;0;2;1;0;0;1;1;1;1;1;0;1;1;2;1;3;1;NA;2;0;2;3;-0,0986802843425774;0,300925991028407;"boa";245,065985782871;"boa"
"p004_omit_q22";1;2;1;0;2;1;0;0;1;1;1;1;1;0;1;1;2;1;3;1;0;NA;0;2;3;-0,27342663309377;0,310194634420007;"boa";236,328668345311;"boa"
"p004_omit_q23";1;2;1;0;2;1;0;0;1;1;1;1;1;0;1;1;2;1;3;1;0;2;NA;2;3;-0,095764700232978;0,30153584723667;"boa";245,211764988351;"boa"
"p004_omit_q24";1;2;1;0;2;1;0;0;1;1;1;1;1;0;1;1;2;1;3;1;0;2;0;NA;3;-0,151174017125561;0,313284225885897;"boa";242,441299143722;"boa"
"p004_omit_q25";1;2;1;0;2;1;0;0;1;1;1;1;1;0;1;1;2;1;3;1;0;2;0;2;NA;-0,336716539942488;0,315583983661153;"boa";233,164173002876;"boa"
"p005_full";1;2;1;1;2;1;2;1;2;3;3;2;3;1;1;2;3;2;3;2;2;2;1;2;1;1,33341398008331;0,376197339791868;"muito boa";316,670699004166;"muito boa"
"p005_omit_q01";NA;2;1;1;2;1;2;1;2;3;3;2;3;1;1;2;3;2;3;2;2;2;1;2;1;1,31892441329735;0,37860316195109;"muito boa";315,946220664867;"muito boa"
"p005_omit_q02";1;NA;1;1;2;1;2;1;2;3;3;2;3;1;1;2;3;2;3;2;2;2;1;2;1;1,30528383586511;0,378663616565537;"muito boa";315,264191793256;"muito boa"
"p005_omit_q03";1;2;NA;1;2;1;2;1;2;3;3;2;3;1;1;2;3;2;3;2;2;2;1;2;1;1,3310931326859;0,376507539266117;"muito boa";316,554656634295;"muito boa"
"p005_omit_q04";1;2;1;NA;2;1;2;1;2;3;3;2;3;1;1;2;3;2;3;2;2;2;1;2;1;1,33302998485779;0,376269967203797;"muito boa";316,65149924289;"muito boa"
"p005_omit_q05";1;2;1;1;NA;1;2;1;2;3;3;2;3;1;1;2;3;2;3;2;2;2;1;2;1;1,43344027511803;0,38876730342266;"muito boa";321,672013755901;"muito boa"
"p005_omit_q06";1;2;1;1;2;NA;2;1;2;3;3;2;3;1;1;2;3;2;3;2;2;2;1;2;1;1,30791342949864;0,378095083435944;"muito boa";315,395671474932;"muito boa"
"p005_omit_q07";1;2;1;1;2;1;NA;1;2;3;3;2;3;1;1;2;3;2;3;2;2;2;1;2;1;1,25768915882492;0,375638546560814;"muito boa";312,884457941246;"muito boa"
"p005_omit_q08";1;2;1;1;2;1;2;NA;2;3;3;2;3;1;1;2;3;2;3;2;2;2;1;2;1;1,29155573956598;0,379065871632751;"muito boa";314,577786978299;"muito boa"
"p005_omit_q09";1;2;1;1;2;1;2;1;NA;3;3;2;3;1;1;2;3;2;3;2;2;2;1;2;1;1,28743420058426;0,38452019323847;"muito boa";314,371710029213;"muito boa"
"p005_omit_q10";1;2;1;1;2;1;2;1;2;NA;3;2;3;1;1;2;3;2;3;2;2;2;1;2;1;1,13564114045975;0,373031956004299;"muito boa";306,782057022987;"muito boa"
"p005_omit_q11";1;2;1;1;2;1;2;1;2;3;NA;2;3;1;1;2;3;2;3;2;2;2;1;2;1;1,27681814610967;0,383835155794101;"muito boa";313,840907305484;"muito boa"
"p005_omit_q12";1;2;1;1;2;1;2;1;2;3;3;NA;3;1;1;2;3;2;3;2;2;2;1;2;1;1,42136511792144;0,391725343487583;"muito boa";321,068255896072;"muito boa"
"p005_omit_q13";1;2;1;1;2;1;2;1;2;3;3;2;NA;1;1;2;3;2;3;2;2;2;1;2;1;1,1719706635749;0,371318300414028;"muito boa";308,598533178745;"muito boa"
"p005_omit_q14";1;2;1;1;2;1;2;1;2;3;3;2;3;NA;1;2;3;2;3;2;2;2;1;2;1;1,32966701360386;0,376573915946526;"muito boa";316,483350680193;"muito boa"
"p005_omit_q15";1;2;1;1;2;1;2;1;2;3;3;2;3;1;NA;2;3;2;3;2;2;2;1;2;1;1,387705013007;0,389365482980992;"muito boa";319,38525065035;"muito boa"
"p005_omit_q16";1;2;1;1;2;1;2;1;2;3;3;2;3;1;1;NA;3;2;3;2;2;2;1;2;1;1,26236239223795;0,376945575351399;"muito boa";313,118119611897;"muito boa"
"p005_omit_q17";1;2;1;1;2;1;2;1;2;3;3;2;3;1;1;2;NA;2;3;2;2;2;1;2;1;1,22389413108624;0,384273101053845;"muito boa";311,194706554312;"muito boa"
"p005_omit_q18";1;2;1;1;2;1;2;1;2;3;3;2;3;1;1;2;3;NA;3;2;2;2;1;2;1;1,31558304740343;0,377343232462351;"muito boa";315,779152370171;"muito boa"
"p005_omit_q19";1;2;1;1;2;1;2;1;2;3;3;2;3;1;1;2;3;2;NA;2;2;2;1;2;1;1,28494215234842;0,384177349395178;"muito boa";314,247107617421;"muito boa"
"p005_omit_q20";1;2;1;1;2;1;2;1;2;3;3;2;3;1;1;2;3;2;3;NA;2;2;1;2;1;1,24915148541382;0,389241747411302;"muito boa";312,457574270691;"muito boa"
"p005_omit_q21";1;2;1;1;2;1;2;1;2;3;3;2;3;1;1;2;3;2;3;2;NA;2;1;2;1;1,25942102313962;0,380905932254295;"muito boa";312,971051156981;"muito boa"
"p005_omit_q22";1;2;1;1;2;1;2;1;2;3;3;2;3;1;1;2;3;2;3;2;2;NA;1;2;1;1,31257820065218;0,380953411069875;"muito boa";315,628910032609;"muito boa"
"p005_omit_q23";1;2;1;1;2;1;2;1;2;3;3;2;3;1;1;2;3;2;3;2;2;2;NA;2;1;1,44570812695354;0,393241526531751;"muito boa";322,285406347677;"muito boa"
"p005_omit_q24";1;2;1;1;2;1;2;1;2;3;3;2;3;1;1;2;3;2;3;2;2;2;1;NA;1;1,58694392924268;0,4009276648608;"muito boa";329,347196462134;"muito boa"
"p005_omit_q25";1;2;1;1;2;1;2;1;2;3;3;2;3;1;1;2;3;2;3;2;2;2;1;2;NA;1,66612890316436;0,396819234029071;"muito boa";333,306445158218;"muito boa"
"p006_full";1;2;1;0;2;0;1;1;1;0;2;2;1;0;1;1;2;1;3;1;0;1;0;3;2;-0,260974250601661;0,293286836338547;"boa";236,951287469917;"boa"
"p006_omit_q01";NA;2;1;0;2;0;1;1;1;0;2;2;1;0;1;1;2;1;3;1;0;1;0;3;2;-0,305453449854445;0,299277697174973;"boa";234,727327507278;"boa"
"p006_omit_q02";1;NA;1;0;2;0;1;1;1;0;2;2;1;0;1;1;2;1;3;1;0;1;0;3;2;-0,306314201006813;0,297112562323496;"boa";234,684289949659;"boa"
"p006_omit_q03";1;2;NA;0;2;0;1;1;1;0;2;2;1;0;1;1;2;1;3;1;0;1;0;3;2;-0,26770992757767;0,294363332974682;"boa";236,614503621117;"boa"
"p006_omit_q04";1;2;1;NA;2;0;1;1;1;0;2;2;1;0;1;1;2;1;3;1;0;1;0;3;2;-0,150420102975005;0,292667835123662;"boa";242,47899485125;"boa"
"p006_omit_q05";1;2;1;0;NA;0;1;1;1;0;2;2;1;0;1;1;2;1;3;1;0;1;0;3;2;-0,246916605602938;0,297843760155745;"boa";237,654169719853;"boa"
"p006_omit_q06";1;2;1;0;2;NA;1;1;1;0;2;2;1;0;1;1;2;1;3;1;0;1;0;3;2;-0,223415876744695;0,295225014718194;"boa";238,829206162765;"boa"
"p006_omit_q07";1;2;1;0;2;0;NA;1;1;0;2;2;1;0;1;1;2;1;3;1;0;1;0;3;2;-0,294767857369545;0,296666283655427;"boa";235,261607131523;"boa"
"p006_omit_q08";1;2;1;0;2;0;1;NA;1;0;2;2;1;0;1;1;2;1;3;1;0;1;0;3;2;-0,3165501882708;0,296971855695448;"boa";234,17249058646;"boa"
"p006_omit_q09";1;2;1;0;2;0;1;1;NA;0;2;2;1;0;1;1;2;1;3;1;0;1;0;3;2;-0,295311968745713;0,299151853850301;"boa";235,234401562714;"boa"
"p006_omit_q10";1;2;1;0;2;0;1;1;1;NA;2;2;1;0;1;1;2;1;3;1;0;1;0;3;2;-0,200671096068152;0,300893523078976;"boa";239,966445196592;"boa"
"p006_omit_q11";1;2;1;0;2;0;1;1;1;0;NA;2;1;0;1;1;2;1;3;1;0;1;0;3;2;-0,274202058352398;0,304394709124138;"boa";236,28989708238;"boa"
"p006_omit_q12";1;2;1;0;2;0;1;1;1;0;2;NA;1;0;1;1;2;1;3;1;0;1;0;3;2;-0,275261087516551;0,30004875456707;"boa";236,236945624172;"boa"
"p006_omit_q13";1;2;1;0;2;0;1;1;1;0;2;2;NA;0;1;1;2;1;3;1;0;1;0;3;2;-0,295619862612882;0,302126865771346;"boa";235,219006869356;"boa"
"p006_omit_q14";1;2;1;0;2;0;1;1;1;0;2;2;1;NA;1;1;2;1;3;1;0;1;0;3;2;-0,195575635836183;0,293409381919924;"boa";240,221218208191;"boa"
"p006_omit_q15";1;2;1;0;2;0;1;1;1;0;2;2;1;0;NA;1;2;1;3;1;0;1;0;3;2;-0,281917803949407;0,298572577190494;"boa";235,90410980253;"boa"
"p006_omit_q16";1;2;1;0;2;0;1;1;1;0;2;2;1;0;1;NA;2;1;3;1;0;1;0;3;2;-0,261319490854057;0,295804484897366;"boa";236,934025457297;"boa"
"p006_omit_q17";1;2;1;0;2;0;1;1;1;0;2;2;1;0;1;1;NA;1;3;1;0;1;0;3;2;-0,274080367497458;0,300355727600678;"boa";236,295981625127;"boa"
"p006_omit_q18";1;2;1;0;2;0;1;1;1;0;2;2;1;0;1;1;2;NA;3;1;0;1;0;3;2;-0,225658121950195;0,295056415089644;"boa";238,71709390249;"boa"
"p006_omit_q19";1;2;1;0;2;0;1;1;1;0;2;2;1;0;1;1;2;1;NA;1;0;1;0;3;2;-0,3628423139772;0,300872724506011;"boa";231,85788430114;"boa"
"p006_omit_q20";1;2;1;0;2;0;1;1;1;0;2;2;1;0;1;1;2;1;3;NA;0;1;0;3;2;-0,310805795661223;0,308667290609182;"boa";234,459710216939;"boa"
"p006_omit_q21";1;2;1;0;2;0;1;1;1;0;2;2;1;0;1;1;2;1;3;1;NA;1;0;3;2;-0,173990578702914;0,294325271745209;"boa";241,300471064854;"boa"
"p006_omit_q22";1;2;1;0;2;0;1;1;1;0;2;2;1;0;1;1;2;1;3;1;0;NA;0;3;2;-0,205608981438395;0,305146149991174;"boa";239,71955092808;"boa"
"p006_omit_q23";1;2;1;0;2;0;1;1;1;0;2;2;1;0;1;1;2;1;3;1;0;1;NA;3;2;-0,171499403495973;0,294937561028372;"boa";241,425029825201;"boa"
"p006_omit_q24";1;2;1;0;2;0;1;1;1;0;2;2;1;0;1;1;2;1;3;1;0;1;0;NA;2;-0,390844253065005;0,304048774898463;"boa";230,45778734675;"boa"
"p006_omit_q25";1;2;1;0;2;0;1;1;1;0;2;2;1;0;1;1;2;1;3;1;0;1;0;3;NA;-0,210469886642414;0,311407292926745;"boa";239,476505667879;"boa"
"p007_full";1;2;1;1;3;0;0;1;1;1;3;2;3;1;1;1;2;1;2;2;2;2;1;1;1;0,311111500401991;0,337149206348202;"boa";265,5555750201;"boa"
"p007_omit_q01";NA;2;1;1;3;0;0;1;1;1;3;2;3;1;1;1;2;1;2;2;2;2;1;1;1;0,27534396578002;0,342820163212011;"boa";263,767198289001;"boa"
"p007_omit_q02";1;NA;1;1;3;0;0;1;1;1;3;2;3;1;1;1;2;1;2;2;2;2;1;1;1;0,266100683635702;0,341185746705852;"boa";263,305034181785;"boa"
"p007_omit_q03";1;2;NA;1;3;0;0;1;1;1;3;2;3;1;1;1;2;1;2;2;2;2;1;1;1;0,305944656283387;0,337974143075506;"boa";265,297232814169;"boa"
"p007_omit_q04";1;2;1;NA;3;0;0;1;1;1;3;2;3;1;1;1;2;1;2;2;2;2;1;1;1;0,309940796741843;0,337400535235448;"boa";265,497039837092;"boa"
"p007_omit_q05";1;2;1;1;NA;0;0;1;1;1;3;2;3;1;1;1;2;1;2;2;2;2;1;1;1;0,24539681406668;0,34171120980727;"boa";262,269840703334;"boa"
"p007_omit_q06";1;2;1;1;3;NA;0;1;1;1;3;2;3;1;1;1;2;1;2;2;2;2;1;1;1;0,373263018837943;0,341016593008041;"boa";268,663150941897;"boa"
"p007_omit_q07";1;2;1;1;3;0;NA;1;1;1;3;2;3;1;1;1;2;1;2;2;2;2;1;1;1;0,356782443052437;0,340465999520982;"boa";267,839122152622;"boa"
"p007_omit_q08";1;2;1;1;3;0;0;NA;1;1;3;2;3;1;1;1;2;1;2;2;2;2;1;1;1;0,251829687270725;0,341168338169795;"boa";262,591484363536;"boa"
"p007_omit_q09";1;2;1;1;3;0;0;1;NA;1;3;2;3;1;1;1;2;1;2;2;2;2;1;1;1;0,294478010484681;0,345944808992576;"boa";264,723900524234;"boa"
"p007_omit_q10";1;2;1;1;3;0;0;1;1;NA;3;2;3;1;1;1;2;1;2;2;2;2;1;1;1;0,271812725057984;0,356921537539666;"boa";263,590636252899;"boa"
"p007_omit_q11";1;2;1;1;3;0;0;1;1;1;NA;2;3;1;1;1;2;1;2;2;2;2;1;1;1;0,209145375571408;0,345775014472707;"boa";260,45726877857;"boa"
"p007_omit_q12";1;2;1;1;3;0;0;1;1;1;3;NA;3;1;1;1;2;1;2;2;2;2;1;1;1;0,32595891601838;0,347034395860195;"boa";266,297945800919;"boa"
"p007_omit_q13";1;2;1;1;3;0;0;1;1;1;3;2;NA;1;1;1;2;1;2;2;2;2;1;1;1;0,169511636972749;0,337395776376878;"boa";258,475581848637;"boa"
"p007_omit_q14";1;2;1;1;3;0;0;1;1;1;3;2;3;NA;1;1;2;1;2;2;2;2;1;1;1;0,304177991460789;0,338038820354553;"boa";265,208899573039;"boa"
"p007_omit_q15";1;2;1;1;3;0;0;1;1;1;3;2;3;1;NA;1;2;1;2;2;2;2;1;1;1;0,308653504413909;0,344582247749425;"boa";265,432675220695;"boa"
"p007_omit_q16";1;2;1;1;3;0;0;1;1;1;3;2;3;1;1;NA;2;1;2;2;2;2;1;1;1;0,323508834297725;0,341049514774348;"boa";266,175441714886;"boa"
"p007_omit_q17";1;2;1;1;3;0;0;1;1;1;3;2;3;1;1;1;NA;1;2;2;2;2;1;1;1;0,328513911454192;0,347615010857712;"boa";266,42569557271;"boa"
"p007_omit_q18";1;2;1;1;3;0;0;1;1;1;3;2;3;1;1;1;2;NA;2;2;2;2;1;1;1;0,368517782026172;0,34034631010238;"boa";268,425889101309;"boa"
"p007_omit_q19";1;2;1;1;3;0;0;1;1;1;3;2;3;1;1;1;2;1;NA;2;2;2;1;1;1;0,390568391778811;0,35047395349189;"boa";269,528419588941;"boa"
"p007_omit_q20";1;2;1;1;3;0;0;1;1;1;3;2;3;1;1;1;2;1;2;NA;2;2;1;1;1;0,160856983397657;0,347277586402491;"boa";258,042849169883;"boa"
"p007_omit_q21";1;2;1;1;3;0;0;1;1;1;3;2;3;1;1;1;2;1;2;2;NA;2;1;1;1;0,214575771766379;0,341751274198337;"boa";260,728788588319;"boa"
"p007_omit_q22";1;2;1;1;3;0;0;1;1;1;3;2;3;1;1;1;2;1;2;2;2;NA;1;1;1;0,244598924061783;0,348995519832441;"boa";262,229946203089;"boa"
"p007_omit_q23";1;2;1;1;3;0;0;1;1;1;3;2;3;1;1;1;2;1;2;2;2;2;NA;1;1;0,346518562934245;0,346451014774046;"boa";267,325928146712;"boa"
"p007_omit_q24";1;2;1;1;3;0;0;1;1;1;3;2;3;1;1;1;2;1;2;2;2;2;1;NA;1;0,523969505758768;0,341132294549059;"muito boa";276,198475287938;"muito boa"
"p007_omit_q25";1;2;1;1;3;0;0;1;1;1;3;2;3;1;1;1;2;1;2;2;2;2;1;1;NA;0,563108668762844;0,341431610827619;"muito boa";278,155433438142;"muito boa"
"p008_full";0;0;1;1;2;1;1;0;2;3;1;2;2;0;2;1;0;1;0;1;2;0;0;0;0;-1,19960822224591;0,373560877747476;"ruim";190,019588887705;"ruim"
"p008_omit_q01";NA;0;1;1;2;1;1;0;2;3;1;2;2;0;2;1;0;1;0;1;2;0;0;0;0;-1,13562714020813;0,384789729236857;"ruim";193,218642989593;"ruim"
"p008_omit_q02";0;NA;1;1;2;1;1;0;2;3;1;2;2;0;2;1;0;1;0;1;2;0;0;0;0;-1,11510284157416;0,380950190088483;"ruim";194,244857921292;"ruim"
"p008_omit_q03";0;0;NA;1;2;1;1;0;2;3;1;2;2;0;2;1;0;1;0;1;2;0;0;0;0;-1,22520058303152;0,376954284985653;"ruim";188,739970848424;"ruim"
"p008_omit_q04";0;0;1;NA;2;1;1;0;2;3;1;2;2;0;2;1;0;1;0;1;2;0;0;0;0;-1,20962343293647;0,375626322577618;"ruim";189,518828353177;"ruim"
"p008_omit_q05";0;0;1;1;NA;1;1;0;2;3;1;2;2;0;2;1;0;1;0;1;2;0;0;0;0;-1,22486440597143;0,382545719695757;"ruim";188,756779701428;"ruim"
"p008_omit_q06";0;0;1;1;2;NA;1;0;2;3;1;2;2;0;2;1;0;1;0;1;2;0;0;0;0;-1,28464194254652;0,375724683866019;"ruim";185,767902872674;"ruim"
"p008_omit_q07";0;0;1;1;2;1;NA;0;2;3;1;2;2;0;2;1;0;1;0;1;2;0;0;0;0;-1,27735017448139;0,375583884513328;"ruim";186,13249127593;"ruim"
"p008_omit_q08";0;0;1;1;2;1;1;NA;2;3;1;2;2;0;2;1;0;1;0;1;2;0;0;0;0;-1,17546911050344;0,377598287742632;"ruim";191,226544474828;"ruim"
"p008_omit_q09";0;0;1;1;2;1;1;0;NA;3;1;2;2;0;2;1;0;1;0;1;2;0;0;0;0;-1,32763397786898;0,372886621627973;"ruim";183,618301106551;"ruim"
"p008_omit_q10";0;0;1;1;2;1;1;0;2;NA;1;2;2;0;2;1;0;1;0;1;2;0;0;0;0;-1,42281788200432;0,368820258930189;"ruim";178,859105899784;"ruim"
"p008_omit_q11";0;0;1;1;2;1;1;0;2;3;NA;2;2;0;2;1;0;1;0;1;2;0;0;0;0;-1,17091604073459;0,396594085672229;"ruim";191,454197963271;"ruim"
"p008_omit_q12";0;0;1;1;2;1;1;0;2;3;1;NA;2;0;2;1;0;1;0;1;2;0;0;0;0;-1,28230885715309;0,381697101608874;"ruim";185,884557142345;"ruim"
"p008_omit_q13";0;0;1;1;2;1;1;0;2;3;1;2;NA;0;2;1;0;1;0;1;2;0;0;0;0;-1,36767714505571;0,371917235040176;"ruim";181,616142747215;"ruim"
"p008_omit_q14";0;0;1;1;2;1;1;0;2;3;1;2;2;NA;2;1;0;1;0;1;2;0;0;0;0;-1,10424473524937;0,378633867288109;"ruim";194,787763237531;"ruim"
"p008_omit_q15";0;0;1;1;2;1;1;0;2;3;1;2;2;0;NA;1;0;1;0;1;2;0;0;0;0;-1,33811885351392;0,371808928930256;"ruim";183,094057324304;"ruim"
"p008_omit_q16";0;0;1;1;2;1;1;0;2;3;1;2;2;0;2;NA;0;1;0;1;2;0;0;0;0;-1,22579544856636;0,37824919979726;"ruim";188,710227571682;"ruim"
"p008_omit_q17";0;0;1;1;2;1;1;0;2;3;1;2;2;0;2;1;NA;1;0;1;2;0;0;0;0;-1,00574814580098;0,38125051122815;"ruim";199,712592709951;"ruim"
"p008_omit_q18";0;0;1;1;2;1;1;0;2;3;1;2;2;0;2;1;0;NA;0;1;2;0;0;0;0;-1,1666885818757;0,37965067918394;"ruim";191,665570906215;"ruim"
"p008_omit_q19";0;0;1;1;2;1;1;0;2;3;1;2;2;0;2;1;0;1;NA;1;2;0;0;0;0;-0,992086423088363;0,380354669758193;"boa";200,395678845582;"boa"
"p008_omit_q20";0;0;1;1;2;1;1;0;2;3;1;2;2;0;2;1;0;1;0;NA;2;0;0;0;0;-1,39231444748448;0,382554641338448;"ruim";180,384277625776;"ruim"
"p008_omit_q21";0;0;1;1;2;1;1;0;2;3;1;2;2;0;2;1;0;1;0;1;NA;0;0;0;0;-1,35062429500014;0,372170436711978;"ruim";182,468785249993;"ruim"
"p008_omit_q22";0;0;1;1;2;1;1;0;2;3;1;2;2;0;2;1;0;1;0;1;2;NA;0;0;0;-1,03124546882973;0,392206954269613;"ruim";198,437726558513;"ruim"
"p008_omit_q23";0;0;1;1;2;1;1;0;2;3;1;2;2;0;2;1;0;1;0;1;2;0;NA;0;0;-1,08727238330627;0,384913212811967;"ruim";195,636380834686;"ruim"
"p008_omit_q24";0;0;1;1;2;1;1;0;2;3;1;2;2;0;2;1;0;1;0;1;2;0;0;NA;0;-0,946043750659314;0,384434044137485;"boa";202,697812467034;"boa"
"p008_omit_q25";0;0;1;1;2;1;1;0;2;3;1;2;2;0;2;1;0;1;0;1;2;0;0;0;NA;-0,900254985274709;0,386706904796406;"boa";204,987250736265;"boa"
"p009_full";0;0;1;0;0;1;0;1;0;2;2;3;2;1;1;1;1;1;2;0;1;1;2;1;0;-0,935804935835629;0,339040215289059;"boa";203,209753208219;"boa"
"p009_omit_q01";NA;0;1;0;0;1;0;1;0;2;2;3;2;1;1;1;1;1;2;0;1;1;2;1;0;-0,872111487803341;0,347643455184893;"boa";206,394425609833;"boa"
"p009_omit_q02";0;NA;1;0;0;1;0;1;0;2;2;3;2;1;1;1;1;1;2;0;1;1;2;1;0;-0,860430108652476;0,34377906565852;"boa";206,978494567376;"boa"
"p009_omit_q03";0;0;NA;0;0;1;0;1;0;2;2;3;2;1;1;1;1;1;2;0;1;1;2;1;0;-0,952521712258805;0,341323088662299;"boa";202,37391438706;"boa"
"p009_omit_q04";0;0;1;NA;0;1;0;1;0;2;2;3;2;1;1;1;1;1;2;0;1;1;2;1;0;-0,789470339007271;0,341737606099044;"boa";210,526483049636;"boa"
"p009_omit_q05";0;0;1;0;NA;1;0;1;0;2;2;3;2;1;1;1;1;1;2;0;1;1;2;1;0;-0,826218389492166;0,341581324061811;"boa";208,689080525392;"boa"
"p009_omit_q06";0;0;1;0;0;NA;0;1;0;2;2;3;2;1;1;1;1;1;2;0;1;1;2;1;0;-1,00097834219741;0,341618937552068;"ruim";199,95108289013;"ruim"
"p009_omit_q07";0;0;1;0;0;1;NA;1;0;2;2;3;2;1;1;1;1;1;2;0;1;1;2;1;0;-0,910330359303953;0,341764608594311;"boa";204,483482034802;"boa"
"p009_omit_q08";0;0;1;0;0;1;0;NA;0;2;2;3;2;1;1;1;1;1;2;0;1;1;2;1;0;-1,02312977876824;0,340919345042375;"ruim";198,843511061588;"ruim"
"p009_omit_q09";0;0;1;0;0;1;0;1;NA;2;2;3;2;1;1;1;1;1;2;0;1;1;2;1;0;-0,901048022890438;0,343600675843129;"boa";204,947598855478;"boa"
"p009_omit_q10";0;0;1;0;0;1;0;1;0;NA;2;3;2;1;1;1;1;1;2;0;1;1;2;1;0;-1,11657368151678;0,338452235642157;"ruim";194,171315924161;"ruim"
"p009_omit_q11";0;0;1;0;0;1;0;1;0;2;NA;3;2;1;1;1;1;1;2;0;1;1;2;1;0;-1,0145422754827;0,351550940121239;"ruim";199,272886225865;"ruim"
"p009_omit_q12";0;0;1;0;0;1;0;1;0;2;2;NA;2;1;1;1;1;1;2;0;1;1;2;1;0;-1,04795116328258;0,340155193895972;"ruim";197,602441835871;"ruim"
"p009_omit_q13";0;0;1;0;0;1;0;1;0;2;2;3;NA;1;1;1;1;1;2;0;1;1;2;1;0;-1,07206489674496;0,339690959674849;"ruim";196,396755162752;"ruim"
"p009_omit_q14";0;0;1;0;0;1;0;1;0;2;2;3;2;NA;1;1;1;1;2;0;1;1;2;1;0;-0,953642624825807;0,340940350753299;"boa";202,31786875871;"boa"
"p009_omit_q15";0;0;1;0;0;1;0;1;0;2;2;3;2;1;NA;1;1;1;2;0;1;1;2;1;0;-0,992018715606918;0,34508528159592;"boa";200,399064219654;"boa"
"p009_omit_q16";0;0;1;0;0;1;0;1;0;2;2;3;2;1;1;NA;1;1;2;0;1;1;2;1;0;-0,951268607277005;0,34273520224406;"boa";202,43656963615;"boa"
"p009_omit_q17";0;0;1;0;0;1;0;1;0;2;2;3;2;1;1;1;NA;1;2;0;1;1;2;1;0;-0,833727470817942;0,352106787717622;"boa";208,313626459103;"boa"
"p009_omit_q18";0;0;1;0;0;1;0;1;0;2;2;3;2;1;1;1;1;NA;2;0;1;1;2;1;0;-0,902725436488391;0,343302942083454;"boa";204,86372817558;"boa"
"p009_omit_q19";0;0;1;0;0;1;0;1;0;2;2;3;2;1;1;1;1;1;NA;0;1;1;2;1;0;-0,947167722507192;0,350686997421478;"boa";202,64161387464;"boa"
"p009_omit_q20";0;0;1;0;0;1;0;1;0;2;2;3;2;1;1;1;1;1;2;NA;1;1;2;1;0;-0,869011125980872;0,352870269471233;"boa";206,549443700956;"boa"
"p009_omit_q21";0;0;1;0;0;1;0;1;0;2;2;3;2;1;1;1;1;1;2;0;NA;1;2;1;0;-0,958682381942626;0,345972346107735;"boa";202,065880902869;"boa"
"p009_omit_q22";0;0;1;0;0;1;0;1;0;2;2;3;2;1;1;1;1;1;2;0;1;NA;2;1;0;-0,942137708262691;0,359831163729151;"boa";202,893114586865;"boa"
"p009_omit_q23";0;0;1;0;0;1;0;1;0;2;2;3;2;1;1;1;1;1;2;0;1;1;NA;1;0;-1,06445667355291;0,339987845541259;"ruim";196,777166322354;"ruim"
"p009_omit_q24";0;0;1;0;0;1;0;1;0;2;2;3;2;1;1;1;1;1;2;0;1;1;2;NA;0;-0,768775948946426;0,355660988527399;"boa";211,561202552679;"boa"
"p009_omit_q25";0;0;1;0;0;1;0;1;0;2;2;3;2;1;1;1;1;1;2;0;1;1;2;1;NA;-0,685472984741383;0,345156708356807;"boa";215,726350762931;"boa"
"p010_full";1;2;1;0;3;0;0;1;0;0;1;0;1;0;1;1;0;0;0;1;2;1;1;0;0;-1,43218927979727;0,354414570756343;"ruim";178,390536010136;"ruim"
"p010_omit_q01";NA;2;1;0;3;0;0;1;0;0;1;0;1;0;1;1;0;0;0;1;2;1;1;0;0;-1,55430545655877;0,360851405134495;"ruim";172,284727172062;"ruim"
"p010_omit_q02";1;NA;1;0;3;0;0;1;0;0;1;0;1;0;1;1;0;0;0;1;2;1;1;0;0;-1,5273451437739;0,357556309462478;"ruim";173,632742811305;"ruim"
"p010_omit_q03";1;2;NA;0;3;0;0;1;0;0;1;0;1;0;1;1;0;0;0;1;2;1;1;0;0;-1,46010379569069;0,358272791424772;"ruim";176,994810215465;"ruim"
"p010_omit_q04";1;2;1;NA;3;0;0;1;0;0;1;0;1;0;1;1;0;0;0;1;2;1;1;0;0;-1,27748965026415;0,356664729108494;"ruim";186,125517486793;"ruim"
"p010_omit_q05";1;2;1;0;NA;0;0;1;0;0;1;0;1;0;1;1;0;0;0;1;2;1;1;0;0;-1,54569769113022;0,356456097177169;"ruim";172,715115443489;"ruim"
"p010_omit_q06";1;2;1;0;3;NA;0;1;0;0;1;0;1;0;1;1;0;0;0;1;2;1;1;0;0;-1,40248382600818;0,357759783047584;"ruim";179,875808699591;"ruim"
"p010_omit_q07";1;2;1;0;3;0;NA;1;0;0;1;0;1;0;1;1;0;0;0;1;2;1;1;0;0;-1,41146346356889;0,356714827516621;"ruim";179,426826821555;"ruim"
"p010_omit_q08";1;2;1;0;3;0;0;NA;0;0;1;0;1;0;1;1;0;0;0;1;2;1;1;0;0;-1,53579273050832;0,356518005071918;"ruim";173,210363474584;"ruim"
"p010_omit_q09";1;2;1;0;3;0;0;1;NA;0;1;0;1;0;1;1;0;0;0;1;2;1;1;0;0;-1,4061103253838;0,358137017925115;"ruim";179,69448373081;"ruim"
"p010_omit_q10";1;2;1;0;3;0;0;1;0;NA;1;0;1;0;1;1;0;0;0;1;2;1;1;0;0;-1,41024088660506;0,36002008032076;"ruim";179,487955669747;"ruim"
"p010_omit_q11";1;2;1;0;3;0;0;1;0;0;NA;0;1;0;1;1;0;0;0;1;2;1;1;0;0;-1,43345645364171;0,373682297410585;"ruim";178,327177317914;"ruim"
"p010_omit_q12";1;2;1;0;3;0;0;1;0;0;1;NA;1;0;1;1;0;0;0;1;2;1;1;0;0;-1,32133587473317;0,358814848228693;"ruim";183,933206263341;"ruim"
"p010_omit_q13";1;2;1;0;3;0;0;1;0;0;1;0;NA;0;1;1;0;0;0;1;2;1;1;0;0;-1,5553827782619;0,361176702936637;"ruim";172,230861086905;"ruim"
"p010_omit_q14";1;2;1;0;3;0;0;1;0;0;1;0;1;NA;1;1;0;0;0;1;2;1;1;0;0;-1,35063048100118;0,357433084817172;"ruim";182,468475949941;"ruim"
"p010_omit_q15";1;2;1;0;3;0;0;1;0;0;1;0;1;0;NA;1;0;0;0;1;2;1;1;0;0;-1,51397019796582;0,360635678184233;"ruim";174,301490101709;"ruim"
"p010_omit_q16";1;2;1;0;3;0;0;1;0;0;1;0;1;0;1;NA;0;0;0;1;2;1;1;0;0;-1,46190371727233;0,358908259455007;"ruim";176,904814136384;"ruim"
"p010_omit_q17";1;2;1;0;3;0;0;1;0;0;1;0;1;0;1;1;NA;0;0;1;2;1;1;0;0;-1,26464929128811;0,358731626671924;"ruim";186,767535435594;"ruim"
"p010_omit_q18";1;2;1;0;3;0;0;1;0;0;1;0;1;0;1;1;0;NA;0;1;2;1;1;0;0;-1,35064305934473;0,356090539105758;"ruim";182,467847032764;"ruim"
"p010_omit_q19";1;2;1;0;3;0;0;1;0;0;1;0;1;0;1;1;0;0;NA;1;2;1;1;0;0;-1,25104342134874;0,357504466712709;"ruim";187,447828932563;"ruim"
"p010_omit_q20";1;2;1;0;3;0;0;1;0;0;1;0;1;0;1;1;0;0;0;NA;2;1;1;0;0;-1,62052937090353;0,362432044721676;"ruim";168,973531454823;"ruim"
"p010_omit_q21";1;2;1;0;3;0;0;1;0;0;1;0;1;0;1;1;0;0;0;1;NA;1;1;0;0;-1,57113051805511;0,355367076703035;"ruim";171,443474097245;"ruim"
"p010_omit_q22";1;2;1;0;3;0;0;1;0;0;1;0;1;0;1;1;0;0;0;1;2;NA;1;0;0;-1,50690250340927;0,376188640765199;"ruim";174,654874829536;"ruim"
"p010_omit_q23";1;2;1;0;3;0;0;1;0;0;1;0;1;0;1;1;0;0;0;1;2;1;NA;0;0;-1,49606620194118;0,364362500022848;"ruim";175,196689902941;"ruim"
"p010_omit_q24";1;2;1;0;3;0;0;1;0;0;1;0;1;0;1;1;0;0;0;1;2;1;1;NA;0;-1,2155378971357;0,361598857528966;"ruim";189,223105143215;"ruim"
"p010_omit_q25";1;2;1;0;3;0;0;1;0;0;1;0;1;0;1;1;0;0;0;1;2;1;1;0;NA;-1,17818167951209;0,363954648550213;"ruim";191,090916024395;"ruim"
"p011_full";0;0;1;1;0;1;1;0;0;0;0;1;0;0;2;2;0;0;0;1;2;0;0;0;0;-2,18791367471641;0,363471813731423;"muito ruim";140,604316264179;"muito ruim"
"p011_omit_q01";NA;0;1;1;0;1;1;0;0;0;0;1;0;0;2;2;0;0;0;1;2;0;0;0;0;-2,16554472084269;0,368053452124922;"muito ruim";141,722763957866;"muito ruim"
"p011_omit_q02";0;NA;1;1;0;1;1;0;0;0;0;1;0;0;2;2;0;0;0;1;2;0;0;0;0;-2,13809298495909;0,368758308187927;"muito ruim";143,095350752045;"muito ruim"
"p011_omit_q03";0;0;NA;1;0;1;1;0;0;0;0;1;0;0;2;2;0;0;0;1;2;0;0;0;0;-2,23888844204221;0,369840867721256;"muito ruim";138,05557789789;"muito ruim"
"p011_omit_q04";0;0;1;NA;0;1;1;0;0;0;0;1;0;0;2;2;0;0;0;1;2;0;0;0;0;-2,21838564741066;0,369784070514313;"muito ruim";139,080717629467;"muito ruim"
"p011_omit_q05";0;0;1;1;NA;1;1;0;0;0;0;1;0;0;2;2;0;0;0;1;2;0;0;0;0;-2,08126514832179;0,367723851265122;"muito ruim";145,93674258391;"muito ruim"
"p011_omit_q06";0;0;1;1;0;NA;1;0;0;0;0;1;0;0;2;2;0;0;0;1;2;0;0;0;0;-2,28563041187466;0,366660715344234;"muito ruim";135,718479406267;"muito ruim"
"p011_omit_q07";0;0;1;1;0;1;NA;0;0;0;0;1;0;0;2;2;0;0;0;1;2;0;0;0;0;-2,27665822453338;0,366198553195647;"muito ruim";136,167088773331;"muito ruim"
"p011_omit_q08";0;0;1;1;0;1;1;NA;0;0;0;1;0;0;2;2;0;0;0;1;2;0;0;0;0;-2,17802402354596;0,36505937562961;"muito ruim";141,098798822702;"muito ruim"
"p011_omit_q09";0;0;1;1;0;1;1;0;NA;0;0;1;0;0;2;2;0;0;0;1;2;0;0;0;0;-2,17353063436926;0,365842235683638;"muito ruim";141,323468281537;"muito ruim"
"p011_omit_q10";0;0;1;1;0;1;1;0;0;NA;0;1;0;0;2;2;0;0;0;1;2;0;0;0;0;-2,18052740798765;0,365604305411651;"muito ruim";140,973629600618;"muito ruim"
"p011_omit_q11";0;0;1;1;0;1;1;0;0;0;NA;1;0;0;2;2;0;0;0;1;2;0;0;0;0;-2,09510227439069;0,375843512116003;"muito ruim";145,244886280466;"muito ruim"
"p011_omit_q12";0;0;1;1;0;1;1;0;0;0;0;NA;0;0;2;2;0;0;0;1;2;0;0;0;0;-2,21995567882663;0,375379360683854;"muito ruim";139,002216058668;"muito ruim"
"p011_omit_q13";0;0;1;1;0;1;1;0;0;0;0;1;NA;0;2;2;0;0;0;1;2;0;0;0;0;-2,17057130805224;0,367125156054249;"muito ruim";141,471434597388;"muito ruim"
"p011_omit_q14";0;0;1;1;0;1;1;0;0;0;0;1;0;NA;2;2;0;0;0;1;2;0;0;0;0;-2,11731862496196;0,3675657266409;"muito ruim";144,134068751902;"muito ruim"
"p011_omit_q15";0;0;1;1;0;1;1;0;0;0;0;1;0;0;NA;2;0;0;0;1;2;0;0;0;0;-2,32467874652439;0,365316468238101;"muito ruim";133,766062673781;"muito ruim"
"p011_omit_q16";0;0;1;1;0;1;1;0;0;0;0;1;0;0;2;NA;0;0;0;1;2;0;0;0;0;-2,29669037024623;0,36498832633819;"muito ruim";135,165481487689;"muito ruim"
"p011_omit_q17";0;0;1;1;0;1;1;0;0;0;0;1;0;0;2;2;NA;0;0;1;2;0;0;0;0;-2,04062586472895;0,373556330404157;"muito ruim";147,968706763552;"muito ruim"
"p011_omit_q18";0;0;1;1;0;1;1;0;0;0;0;1;0;0;2;2;0;NA;0;1;2;0;0;0;0;-2,11075558163772;0,365911941836169;"muito ruim";144,462220918114;"muito ruim"
"p011_omit_q19";0;0;1;1;0;1;1;0;0;0;0;1;0;0;2;2;0;0;NA;1;2;0;0;0;0;-2,01958924069616;0,372041987527633;"muito ruim";149,020537965192;"muito ruim"
"p011_omit_q20";0;0;1;1;0;1;1;0;0;0;0;1;0;0;2;2;0;0;0;NA;2;0;0;0;0;-2,41120629037849;0,369662301832426;"muito ruim";129,439685481076;"muito ruim"
"p011_omit_q21";0;0;1;1;0;1;1;0;0;0;0;1;0;0;2;2;0;0;0;1;NA;0;0;0;0;-2,33873469616865;0,365736110689987;"muito ruim";133,063265191567;"muito ruim"
"p011_omit_q22";0;0;1;1;0;1;1;0;0;0;0;1;0;0;2;2;0;0;0;1;2;NA;0;0;0;-2,11842505245609;0,378115755373902;"muito ruim";144,078747377195;"muito ruim"
"p011_omit_q23";0;0;1;1;0;1;1;0;0;0;0;1;0;0;2;2;0;0;0;1;2;0;NA;0;0;-2,13080432393186;0,371809546421539;"muito ruim";143,459783803407;"muito ruim"
"p011_omit_q24";0;0;1;1;0;1;1;0;0;0;0;1;0;0;2;2;0;0;0;1;2;0;0;NA;0;-2,01427183199439;0,382886359482263;"muito ruim";149,286408400281;"muito ruim"
"p011_omit_q25";0;0;1;1;0;1;1;0;0;0;0;1;0;0;2;2;0;0;0;1;2;0;0;0;NA;-1,99902820391759;0,391625356431239;"ruim";150,048589804121;"ruim"
"p012_full";1;2;1;1;1;1;1;1;2;3;2;3;2;1;2;1;1;1;1;2;0;2;2;0;0;0,167156176825318;0,390578232037142;"boa";258,357808841266;"boa"
"p012_omit_q01";NA;2;1;1;1;1;1;1;2;3;2;3;2;1;2;1;1;1;1;2;0;2;2;0;0;0,110800398568291;0,40041452637968;"boa";255,540019928415;"boa"
"p012_omit_q02";1;NA;1;1;1;1;1;1;2;3;2;3;2;1;2;1;1;1;1;2;0;2;2;0;0;0,101129521825055;0,397116584588339;"boa";255,056476091253;"boa"
"p012_omit_q03";1;2;NA;1;1;1;1;1;2;3;2;3;2;1;2;1;1;1;1;2;0;2;2;0;0;0,159021523071934;0,392089375411393;"boa";257,951076153597;"boa"
"p012_omit_q04";1;2;1;NA;1;1;1;1;2;3;2;3;2;1;2;1;1;1;1;2;0;2;2;0;0;0,165197619732216;0,391068521288647;"boa";258,259880986611;"boa"
"p012_omit_q05";1;2;1;1;NA;1;1;1;2;3;2;3;2;1;2;1;1;1;1;2;0;2;2;0;0;0,304185128886471;0,394842169022981;"boa";265,209256444324;"boa"
"p012_omit_q06";1;2;1;1;1;NA;1;1;2;3;2;3;2;1;2;1;1;1;1;2;0;2;2;0;0;0,110888780663577;0,395859572003268;"boa";255,544439033179;"boa"
"p012_omit_q07";1;2;1;1;1;1;NA;1;2;3;2;3;2;1;2;1;1;1;1;2;0;2;2;0;0;0,121872461065844;0,3975283747399;"boa";256,093623053292;"boa"
"p012_omit_q08";1;2;1;1;1;1;1;NA;2;3;2;3;2;1;2;1;1;1;1;2;0;2;2;0;0;0,0820272658177853;0,396862982735666;"boa";254,101363290889;"boa"
"p012_omit_q09";1;2;1;1;1;1;1;1;NA;3;2;3;2;1;2;1;1;1;1;2;0;2;2;0;0;0,0575467333462161;0,397355624380357;"boa";252,877336667311;"boa"
"p012_omit_q10";1;2;1;1;1;1;1;1;2;NA;2;3;2;1;2;1;1;1;1;2;0;2;2;0;0;-0,075645904458603;0,391517968758164;"boa";246,21770477707;"boa"
"p012_omit_q11";1;2;1;1;1;1;1;1;2;3;NA;3;2;1;2;1;1;1;1;2;0;2;2;0;0;0,201464216404318;0,416116581784435;"boa";260,073210820216;"boa"
"p012_omit_q12";1;2;1;1;1;1;1;1;2;3;2;NA;2;1;2;1;1;1;1;2;0;2;2;0;0;0,0482289723560945;0,397670549647259;"boa";252,411448617805;"boa"
"p012_omit_q13";1;2;1;1;1;1;1;1;2;3;2;3;NA;1;2;1;1;1;1;2;0;2;2;0;0;0,018724459534683;0,399577355143988;"boa";250,936222976734;"boa"
"p012_omit_q14";1;2;1;1;1;1;1;1;2;3;2;3;2;NA;2;1;1;1;1;2;0;2;2;0;0;0,156593576997739;0,392158009878811;"boa";257,829678849887;"boa"
"p012_omit_q15";1;2;1;1;1;1;1;1;2;3;2;3;2;1;NA;1;1;1;1;2;0;2;2;0;0;0,0342855230720419;0,394824459978346;"boa";251,714276153602;"boa"
"p012_omit_q16";1;2;1;1;1;1;1;1;2;3;2;3;2;1;2;NA;1;1;1;2;0;2;2;0;0;0,179573962284505;0,396541698937437;"boa";258,978698114225;"boa"
"p012_omit_q17";1;2;1;1;1;1;1;1;2;3;2;3;2;1;2;1;NA;1;1;2;0;2;2;0;0;0,370360008720036;0,39796614901352;"boa";268,518000436002;"boa"
"p012_omit_q18";1;2;1;1;1;1;1;1;2;3;2;3;2;1;2;1;1;NA;1;2;0;2;2;0;0;0,241197840904354;0,395458099159769;"boa";262,059892045218;"boa"
"p012_omit_q19";1;2;1;1;1;1;1;1;2;3;2;3;2;1;2;1;1;1;NA;2;0;2;2;0;0;0,393801225948858;0,394589958946266;"boa";269,690061297443;"boa"
"p012_omit_q20";1;2;1;1;1;1;1;1;2;3;2;3;2;1;2;1;1;1;1;NA;0;2;2;0;0;-0,0486252685552594;0,403931019720803;"boa";247,568736572237;"boa"
"p012_omit_q21";1;2;1;1;1;1;1;1;2;3;2;3;2;1;2;1;1;1;1;2;NA;2;2;0;0;0,330966190377524;0,394419421237739;"boa";266,548309518876;"boa"
"p012_omit_q22";1;2;1;1;1;1;1;1;2;3;2;3;2;1;2;1;1;1;1;2;0;NA;2;0;0;0,0598689252234154;0,410325340764684;"boa";252,993446261171;"boa"
"p012_omit_q23";1;2;1;1;1;1;1;1;2;3;2;3;2;1;2;1;1;1;1;2;0;2;NA;0;0;0,0291180296055653;0,398909722187863;"boa";251,455901480278;"boa"
"p012_omit_q24";1;2;1;1;1;1;1;1;2;3;2;3;2;1;2;1;1;1;1;2;0;2;2;NA;0;0,458818928812639;0,39336892164762;"boa";272,940946440632;"boa"
"p012_omit_q25";1;2;1;1;1;1;1;1;2;3;2;3;2;1;2;1;1;1;1;2;0;2;2;0;NA;0,509527039152444;0,39390363261438;"muito boa";275,476351957622;"muito boa"
"p013_full";0;0;0;0;0;0;0;0;2;1;0;2;0;0;1;1;2;0;2;2;1;1;1;3;2;-0,826461716913633;0,326387200075719;"boa";208,676914154318;"boa"
"p013_omit_q01";NA;0;0;0;0;0;0;0;2;1;0;2;0;0;1;1;2;0;2;2;1;1;1;3;2;-0,763677518011053;0,332295200994367;"boa";211,816124099447;"boa"
"p013_omit_q02";0;NA;0;0;0;0;0;0;2;1;0;2;0;0;1;1;2;0;2;2;1;1;1;3;2;-0,755061104506953;0,328436549564682;"boa";212,246944774652;"boa"
"p013_omit_q03";0;0;NA;0;0;0;0;0;2;1;0;2;0;0;1;1;2;0;2;2;1;1;1;3;2;-0,731016644779608;0,326573167235225;"boa";213,44916776102;"boa"
"p013_omit_q04";0;0;0;NA;0;0;0;0;2;1;0;2;0;0;1;1;2;0;2;2;1;1;1;3;2;-0,691974805230643;0,324834808362893;"boa";215,401259738468;"boa"
"p013_omit_q05";0;0;0;0;NA;0;0;0;2;1;0;2;0;0;1;1;2;0;2;2;1;1;1;3;2;-0,725173563349041;0,325660836450547;"boa";213,741321832548;"boa"
"p013_omit_q06";0;0;0;0;0;NA;0;0;2;1;0;2;0;0;1;1;2;0;2;2;1;1;1;3;2;-0,790948928605837;0,328831851499148;"boa";210,452553569708;"boa"
"p013_omit_q07";0;0;0;0;0;0;NA;0;2;1;0;2;0;0;1;1;2;0;2;2;1;1;1;3;2;-0,801601956998918;0,328176791924805;"boa";209,919902150054;"boa"
"p013_omit_q08";0;0;0;0;0;0;0;NA;2;1;0;2;0;0;1;1;2;0;2;2;1;1;1;3;2;-0,802632265402678;0,328781892786613;"boa";209,868386729866;"boa"
"p013_omit_q09";0;0;0;0;0;0;0;0;NA;1;0;2;0;0;1;1;2;0;2;2;1;1;1;3;2;-0,921484755819384;0,329945626698313;"boa";203,925762209031;"boa"
"p013_omit_q10";0;0;0;0;0;0;0;0;2;NA;0;2;0;0;1;1;2;0;2;2;1;1;1;3;2;-0,962303436555524;0,337106989847848;"boa";201,884828172224;"boa"
"p013_omit_q11";0;0;0;0;0;0;0;0;2;1;NA;2;0;0;1;1;2;0;2;2;1;1;1;3;2;-0,695382754410854;0,328084587517791;"boa";215,230862279457;"boa"
"p013_omit_q12";0;0;0;0;0;0;0;0;2;1;0;NA;0;0;1;1;2;0;2;2;1;1;1;3;2;-0,873428206266042;0,334906072993916;"boa";206,328589686698;"boa"
"p013_omit_q13";0;0;0;0;0;0;0;0;2;1;0;2;NA;0;1;1;2;0;2;2;1;1;1;3;2;-0,773640022136571;0,332099439584594;"boa";211,317998893171;"boa"
"p013_omit_q14";0;0;0;0;0;0;0;0;2;1;0;2;0;NA;1;1;2;0;2;2;1;1;1;3;2;-0,750428618478854;0,326724721036159;"boa";212,478569076057;"boa"
"p013_omit_q15";0;0;0;0;0;0;0;0;2;1;0;2;0;0;NA;1;2;0;2;2;1;1;1;3;2;-0,874938427766366;0,333309651111509;"boa";206,253078611682;"boa"
"p013_omit_q16";0;0;0;0;0;0;0;0;2;1;0;2;0;0;1;NA;2;0;2;2;1;1;1;3;2;-0,838666257861104;0,330010104905038;"boa";208,066687106945;"boa"
"p013_omit_q17";0;0;0;0;0;0;0;0;2;1;0;2;0;0;1;1;NA;0;2;2;1;1;1;3;2;-0,877299392914793;0,337517619816645;"boa";206,13503035426;"boa"
"p013_omit_q18";0;0;0;0;0;0;0;0;2;1;0;2;0;0;1;1;2;NA;2;2;1;1;1;3;2;-0,753814595388308;0,325984364548212;"boa";212,309270230585;"boa"
"p013_omit_q19";0;0;0;0;0;0;0;0;2;1;0;2;0;0;1;1;2;0;NA;2;1;1;1;3;2;-0,830490810048961;0,336810043373354;"boa";208,475459497552;"boa"
"p013_omit_q20";0;0;0;0;0;0;0;0;2;1;0;2;0;0;1;1;2;0;2;NA;1;1;1;3;2;-1,0065840753766;0,331494693244222;"ruim";199,67079623117;"ruim"
"p013_omit_q21";0;0;0;0;0;0;0;0;2;1;0;2;0;0;1;1;2;0;2;2;NA;1;1;3;2;-0,843685605315364;0,333011610569889;"boa";207,815719734232;"boa"
"p013_omit_q22";0;0;0;0;0;0;0;0;2;1;0;2;0;0;1;1;2;0;2;2;1;NA;1;3;2;-0,820737846250081;0,344722203997972;"boa";208,963107687496;"boa"
"p013_omit_q23";0;0;0;0;0;0;0;0;2;1;0;2;0;0;1;1;2;0;2;2;1;1;NA;3;2;-0,850396808135863;0,33484838237151;"boa";207,480159593207;"boa"
"p013_omit_q24";0;0;0;0;0;0;0;0;2;1;0;2;0;0;1;1;2;0;2;2;1;1;1;NA;2;-1,01491730326497;0,334389420009708;"ruim";199,254134836751;"ruim"
"p013_omit_q25";0;0;0;0;0;0;0;0;2;1;0;2;0;0;1;1;2;0;2;2;1;1;1;3;NA;-0,852383514089731;0,351889260835242;"boa";207,380824295513;"boa"
"p014_full";1;1;1;1;3;1;1;1;1;2;3;1;3;1;2;1;3;0;2;2;1;1;1;2;2;0,522886130693898;0,320693784700456;"muito boa";276,144306534695;"muito boa"
"p014_omit_q01";NA;1;1;1;3;1;1;1;1;2;3;1;3;1;2;1;3;0;2;2;1;1;1;2;2;0,497026007285665;0,324563740141434;"boa";274,851300364283;"boa"
"p014_omit_q02";1;NA;1;1;3;1;1;1;1;2;3;1;3;1;2;1;3;0;2;2;1;1;1;2;2;0,577300119669508;0,326794531903495;"muito boa";278,865005983475;"muito boa"
"p014_omit_q03";1;1;NA;1;3;1;1;1;1;2;3;1;3;1;2;1;3;0;2;2;1;1;1;2;2;0,51912135333388;0,321228141710595;"muito boa";275,956067666694;"muito boa"
"p014_omit_q04";1;1;1;NA;3;1;1;1;1;2;3;1;3;1;2;1;3;0;2;2;1;1;1;2;2;0,522092885625733;0,320846851528892;"muito boa";276,104644281287;"muito boa"
"p014_omit_q05";1;1;1;1;NA;1;1;1;1;2;3;1;3;1;2;1;3;0;2;2;1;1;1;2;2;0,469375486271873;0,32411802151039;"boa";273,468774313594;"boa"
"p014_omit_q06";1;1;1;1;3;NA;1;1;1;2;3;1;3;1;2;1;3;0;2;2;1;1;1;2;2;0,491966568638619;0,323006203791373;"boa";274,598328431931;"boa"
"p014_omit_q07";1;1;1;1;3;1;NA;1;1;2;3;1;3;1;2;1;3;0;2;2;1;1;1;2;2;0,501731186072136;0,324579563064411;"muito boa";275,086559303607;"muito boa"
"p014_omit_q08";1;1;1;1;3;1;1;NA;1;2;3;1;3;1;2;1;3;0;2;2;1;1;1;2;2;0,474461857667927;0,323664475175494;"boa";273,723092883396;"boa"
"p014_omit_q09";1;1;1;1;3;1;1;1;NA;2;3;1;3;1;2;1;3;0;2;2;1;1;1;2;2;0,5182568437323;0,328451955895928;"muito boa";275,912842186615;"muito boa"
"p014_omit_q10";1;1;1;1;3;1;1;1;1;NA;3;1;3;1;2;1;3;0;2;2;1;1;1;2;2;0,39677098382115;0,327510105758303;"boa";269,838549191057;"boa"
"p014_omit_q11";1;1;1;1;3;1;1;1;1;2;NA;1;3;1;2;1;3;0;2;2;1;1;1;2;2;0,442121261900974;0,327692106947067;"boa";272,106063095049;"boa"
"p014_omit_q12";1;1;1;1;3;1;1;1;1;2;3;NA;3;1;2;1;3;0;2;2;1;1;1;2;2;0,612589346010931;0,326264095927801;"muito boa";280,629467300547;"muito boa"
"p014_omit_q13";1;1;1;1;3;1;1;1;1;2;3;1;NA;1;2;1;3;0;2;2;1;1;1;2;2;0,396368016065706;0,319742196020813;"boa";269,818400803285;"boa"
"p014_omit_q14";1;1;1;1;3;1;1;1;1;2;3;1;3;NA;2;1;3;0;2;2;1;1;1;2;2;0,517620838713225;0,32128545191833;"muito boa";275,881041935661;"muito boa"
"p014_omit_q15";1;1;1;1;3;1;1;1;1;2;3;1;3;1;NA;1;3;0;2;2;1;1;1;2;2;0,440554546673303;0,322682399283663;"boa";272,027727333665;"boa"
"p014_omit_q16";1;1;1;1;3;1;1;1;1;2;3;1;3;1;2;NA;3;0;2;2;1;1;1;2;2;0,538489133784112;0,32434579856712;"muito boa";276,924456689206;"muito boa"
"p014_omit_q17";1;1;1;1;3;1;1;1;1;2;3;1;3;1;2;1;NA;0;2;2;1;1;1;2;2;0,404072410463326;0,324921614090115;"boa";270,203620523166;"boa"
"p014_omit_q18";1;1;1;1;3;1;1;1;1;2;3;1;3;1;2;1;3;NA;2;2;1;1;1;2;2;0,598312281083091;0,322564707687218;"muito boa";279,915614054155;"muito boa"
"p014_omit_q19";1;1;1;1;3;1;1;1;1;2;3;1;3;1;2;1;3;0;NA;2;1;1;1;2;2;0,60910793896983;0,3331783056618;"muito boa";280,455396948492;"muito boa"
"p014_omit_q20";1;1;1;1;3;1;1;1;1;2;3;1;3;1;2;1;3;0;2;NA;1;1;1;2;2;0,401643497027644;0,329759284384625;"boa";270,082174851382;"boa"
"p014_omit_q21";1;1;1;1;3;1;1;1;1;2;3;1;3;1;2;1;3;0;2;2;NA;1;1;2;2;0,5577132202763;0,327817880574925;"muito boa";277,885661013815;"muito boa"
"p014_omit_q22";1;1;1;1;3;1;1;1;1;2;3;1;3;1;2;1;3;0;2;2;1;NA;1;2;2;0,655489290643809;0,33311460687618;"muito boa";282,77446453219;"muito boa"
"p014_omit_q23";1;1;1;1;3;1;1;1;1;2;3;1;3;1;2;1;3;0;2;2;1;1;NA;2;2;0,565264750688517;0,329372565442847;"muito boa";278,263237534426;"muito boa"
"p014_omit_q24";1;1;1;1;3;1;1;1;1;2;3;1;3;1;2;1;3;0;2;2;1;1;1;NA;2;0,646886890066892;0,338890783817764;"muito boa";282,344344503345;"muito boa"
"p014_omit_q25";1;1;1;1;3;1;1;1;1;2;3;1;3;1;2;1;3;0;2;2;1;1;1;2;NA;0,697121307157328;0,34156723353288;"muito boa";284,856065357866;"muito boa"
"p015_full";0;0;0;0;2;0;0;1;1;1;0;1;1;0;1;0;1;1;1;0;1;2;1;0;0;-1,70803382776061;0,332757540264213;"ruim";164,598308611969;"ruim"
"p015_omit_q01";NA;0;0;0;2;0;0;1;1;1;0;1;1;0;1;0;1;1;1;0;1;2;1;0;0;-1,67707611798076;0,338220533569607;"ruim";166,146194100962;"ruim"
"p015_omit_q02";0;NA;0;0;2;0;0;1;1;1;0;1;1;0;1;0;1;1;1;0;1;2;1;0;0;-1,65433201809376;0,337479633870033;"ruim";167,283399095312;"ruim"
"p015_omit_q03";0;0;NA;0;2;0;0;1;1;1;0;1;1;0;1;0;1;1;1;0;1;2;1;0;0;-1,62252935366384;0,33710362869319;"ruim";168,873532316808;"ruim"
"p015_omit_q04";0;0;0;NA;2;0;0;1;1;1;0;1;1;0;1;0;1;1;1;0;1;2;1;0;0;-1,57478852723417;0,336433991319322;"ruim";171,260573638291;"ruim"
"p015_omit_q05";0;0;0;0;NA;0;0;1;1;1;0;1;1;0;1;0;1;1;1;0;1;2;1;0;0;-1,74847993720036;0,338856380424667;"ruim";162,576003139982;"ruim"
"p015_omit_q06";0;0;0;0;2;NA;0;1;1;1;0;1;1;0;1;0;1;1;1;0;1;2;1;0;0;-1,68620052386804;0,335393189201781;"ruim";165,689973806598;"ruim"
"p015_omit_q07";0;0;0;0;2;0;NA;1;1;1;0;1;1;0;1;0;1;1;1;0;1;2;1;0;0;-1,69272483486262;0,334547947085385;"ruim";165,363758256869;"ruim"
"p015_omit_q08";0;0;0;0;2;0;0;NA;1;1;0;1;1;0;1;0;1;1;1;0;1;2;1;0;0;-1,80205935629022;0,333627088123427;"ruim";159,897032185489;"ruim"
"p015_omit_q09";0;0;0;0;2;0;0;1;NA;1;0;1;1;0;1;0;1;1;1;0;1;2;1;0;0;-1,79810188089317;0,335252859484006;"ruim";160,094905955342;"ruim"
"p015_omit_q10";0;0;0;0;2;0;0;1;1;NA;0;1;1;0;1;0;1;1;1;0;1;2;1;0;0;-1,87634750188753;0,3344371539405;"ruim";156,182624905623;"ruim"
"p015_omit_q11";0;0;0;0;2;0;0;1;1;1;NA;1;1;0;1;0;1;1;1;0;1;2;1;0;0;-1,6043514052356;0,342195922260352;"ruim";169,78242973822;"ruim"
"p015_omit_q12";0;0;0;0;2;0;0;1;1;1;0;NA;1;0;1;0;1;1;1;0;1;2;1;0;0;-1,70852612698458;0,341745902920986;"ruim";164,573693650771;"ruim"
"p015_omit_q13";0;0;0;0;2;0;0;1;1;1;0;1;NA;0;1;0;1;1;1;0;1;2;1;0;0;-1,82479306416837;0,336486325722782;"ruim";158,760346791582;"ruim"
"p015_omit_q14";0;0;0;0;2;0;0;1;1;1;0;1;1;NA;1;0;1;1;1;0;1;2;1;0;0;-1,64036350216228;0,336099946332818;"ruim";167,981824891886;"ruim"
"p015_omit_q15";0;0;0;0;2;0;0;1;1;1;0;1;1;0;NA;0;1;1;1;0;1;2;1;0;0;-1,78810679468468;0,336803850535213;"ruim";160,594660265766;"ruim"
"p015_omit_q16";0;0;0;0;2;0;0;1;1;1;0;1;1;0;1;NA;1;1;1;0;1;2;1;0;0;-1,64939237015575;0,336414547643464;"ruim";167,530381492213;"ruim"
"p015_omit_q17";0;0;0;0;2;0;0;1;1;1;0;1;1;0;1;0;NA;1;1;0;1;2;1;0;0;-1,67381406741856;0,348160849778446;"ruim";166,309296629072;"ruim"
"p015_omit_q18";0;0;0;0;2;0;0;1;1;1;0;1;1;0;1;0;1;NA;1;0;1;2;1;0;0;-1,69413482119626;0,336856335209306;"ruim";165,293258940187;"ruim"
"p015_omit_q19";0;0;0;0;2;0;0;1;1;1;0;1;1;0;1;0;1;1;NA;0;1;2;1;0;0;-1,61806969145007;0,34793212328353;"ruim";169,096515427497;"ruim"
"p015_omit_q20";0;0;0;0;2;0;0;1;1;1;0;1;1;0;1;0;1;1;1;NA;1;2;1;0;0;-1,68612769803431;0,338599661510536;"ruim";165,693615098284;"ruim"
"p015_omit_q21";0;0;0;0;2;0;0;1;1;1;0;1;1;0;1;0;1;1;1;0;NA;2;1;0;0;-1,76279059300212;0,339361437694658;"ruim";161,860470349894;"ruim"
"p015_omit_q22";0;0;0;0;2;0;0;1;1;1;0;1;1;0;1;0;1;1;1;0;1;NA;1;0;0;-1,88254070414957;0,334521708810227;"ruim";155,872964792521;"ruim"
"p015_omit_q23";0;0;0;0;2;0;0;1;1;1;0;1;1;0;1;0;1;1;1;0;1;2;NA;0;0;-1,77754437785124;0,340156391849186;"ruim";161,122781107438;"ruim"
"p015_omit_q24";0;0;0;0;2;0;0;1;1;1;0;1;1;0;1;0;1;1;1;0;1;2;1;NA;0;-1,52905106960249;0,343410407607116;"ruim";173,547446519876;"ruim"
"p015_omit_q25";0;0;0;0;2;0;0;1;1;1;0;1;1;0;1;0;1;1;1;0;1;2;1;0;NA;-1,5010528537635;0,347588727782676;"ruim";174,947357311825;"ruim"
"p016_full";0;0;1;1;0;1;2;1;1;2;1;2;0;1;1;1;1;0;1;2;2;2;1;1;0;-0,710419002530791;0,356355439622767;"boa";214,47904987346;"boa"
"p016_omit_q01";NA;0;1;1;0;1;2;1;1;2;1;2;0;1;1;1;1;0;1;2;2;2;1;1;0;-0,627329611530159;0,367623279642847;"boa";218,633519423492;"boa"
"p016_omit_q02";0;NA;1;1;0;1;2;1;1;2;1;2;0;1;1;1;1;0;1;2;2;2;1;1;0;-0,62114863179595;0,362503335536189;"boa";218,942568410202;"boa"
"p016_omit_q03";0;0;NA;1;0;1;2;1;1;2;1;2;0;1;1;1;1;0;1;2;2;2;1;1;0;-0,725547020369772;0,358409588332236;"boa";213,722648981511;"boa"
"p016_omit_q04";0;0;1;NA;0;1;2;1;1;2;1;2;0;1;1;1;1;0;1;2;2;2;1;1;0;-0,715300745134428;0,357334481212653;"boa";214,234962743279;"boa"
"p016_omit_q05";0;0;1;1;NA;1;2;1;1;2;1;2;0;1;1;1;1;0;1;2;2;2;1;1;0;-0,587038476413189;0,360359252662269;"boa";220,648076179341;"boa"
"p016_omit_q06";0;0;1;1;0;NA;2;1;1;2;1;2;0;1;1;1;1;0;1;2;2;2;1;1;0;-0,777286096586736;0,358806268177997;"boa";211,135695170663;"boa"
"p016_omit_q07";0;0;1;1;0;1;NA;1;1;2;1;2;0;1;1;1;1;0;1;2;2;2;1;1;0;-0,80141809623211;0,355309846698175;"boa";209,929095188394;"boa"
"p016_omit_q08";0;0;1;1;0;1;2;NA;1;2;1;2;0;1;1;1;1;0;1;2;2;2;1;1;0;-0,802182733548937;0,357904682792833;"boa";209,890863322553;"boa"
"p016_omit_q09";0;0;1;1;0;1;2;1;NA;2;1;2;0;1;1;1;1;0;1;2;2;2;1;1;0;-0,781701331880917;0,362159044753317;"boa";210,914933405954;"boa"
"p016_omit_q10";0;0;1;1;0;1;2;1;1;NA;1;2;0;1;1;1;1;0;1;2;2;2;1;1;0;-0,906485780363808;0,353882691459849;"boa";204,67571098181;"boa"
"p016_omit_q11";0;0;1;1;0;1;2;1;1;2;NA;2;0;1;1;1;1;0;1;2;2;2;1;1;0;-0,632801158907826;0,374955619415994;"boa";218,359942054609;"boa"
"p016_omit_q12";0;0;1;1;0;1;2;1;1;2;1;NA;0;1;1;1;1;0;1;2;2;2;1;1;0;-0,758840304485778;0,365608133493385;"boa";212,057984775711;"boa"
"p016_omit_q13";0;0;1;1;0;1;2;1;1;2;1;2;NA;1;1;1;1;0;1;2;2;2;1;1;0;-0,639715926091594;0,367072825454262;"boa";218,01420369542;"boa"
"p016_omit_q14";0;0;1;1;0;1;2;1;1;2;1;2;0;NA;1;1;1;0;1;2;2;2;1;1;0;-0,727215363951614;0,358101769432762;"boa";213,639231802419;"boa"
"p016_omit_q15";0;0;1;1;0;1;2;1;1;2;1;2;0;1;NA;1;1;0;1;2;2;2;1;1;0;-0,762267754958448;0,363226284125884;"boa";211,886612252078;"boa"
"p016_omit_q16";0;0;1;1;0;1;2;1;1;2;1;2;0;1;1;NA;1;0;1;2;2;2;1;1;0;-0,721756683024011;0,360513858708419;"boa";213,912165848799;"boa"
"p016_omit_q17";0;0;1;1;0;1;2;1;1;2;1;2;0;1;1;1;NA;0;1;2;2;2;1;1;0;-0,579841426080396;0,371039362310803;"boa";221,00792869598;"boa"
"p016_omit_q18";0;0;1;1;0;1;2;1;1;2;1;2;0;1;1;1;1;NA;1;2;2;2;1;1;0;-0,622149330497575;0,359396246871416;"boa";218,892533475121;"boa"
"p016_omit_q19";0;0;1;1;0;1;2;1;1;2;1;2;0;1;1;1;1;0;NA;2;2;2;1;1;0;-0,53904675425538;0,366617361768529;"boa";223,047662287231;"boa"
"p016_omit_q20";0;0;1;1;0;1;2;1;1;2;1;2;0;1;1;1;1;0;1;NA;2;2;1;1;0;-0,918422334632237;0,354729465612348;"boa";204,078883268388;"boa"
"p016_omit_q21";0;0;1;1;0;1;2;1;1;2;1;2;0;1;1;1;1;0;1;2;NA;2;1;1;0;-0,841860993114056;0,355996379641198;"boa";207,906950344297;"boa"
"p016_omit_q22";0;0;1;1;0;1;2;1;1;2;1;2;0;1;1;1;1;0;1;2;2;NA;1;1;0;-0,868909909984915;0,364205479854174;"boa";206,554504500754;"boa"
"p016_omit_q23";0;0;1;1;0;1;2;1;1;2;1;2;0;1;1;1;1;0;1;2;2;2;NA;1;0;-0,731352436992912;0,366335125329817;"boa";213,432378150354;"boa"
"p016_omit_q24";0;0;1;1;0;1;2;1;1;2;1;2;0;1;1;1;1;0;1;2;2;2;1;NA;0;-0,504569209333265;0,373233373645483;"boa";224,771539533337;"boa"
"p016_omit_q25";0;0;1;1;0;1;2;1;1;2;1;2;0;1;1;1;1;0;1;2;2;2;1;1;NA;-0,42717954181568;0,364925973077612;"boa";228,641022909216;"boa"
"p017_full";1;2;1;1;3;1;2;1;2;2;2;3;2;1;2;2;1;0;1;2;1;1;2;1;2;0,478404316125153;0,347578139425447;"boa";273,920215806258;"boa"
"p017_omit_q01";NA;2;1;1;3;1;2;1;2;2;2;3;2;1;2;2;1;0;1;2;1;1;2;1;2;0,446237525030157;0,352760855609076;"boa";272,311876251508;"boa"
"p017_omit_q02";1;NA;1;1;3;1;2;1;2;2;2;3;2;1;2;2;1;0;1;2;1;1;2;1;2;0,435060773207073;0,351409443957791;"boa";271,753038660354;"boa"
"p017_omit_q03";1;2;NA;1;3;1;2;1;2;2;2;3;2;1;2;2;1;0;1;2;1;1;2;1;2;0,473743691344278;0,348301405323005;"boa";273,687184567214;"boa"
"p017_omit_q04";1;2;1;NA;3;1;2;1;2;2;2;3;2;1;2;2;1;0;1;2;1;1;2;1;2;0,477402156400788;0,347789339972813;"boa";273,870107820039;"boa"
"p017_omit_q05";1;2;1;1;NA;1;2;1;2;2;2;3;2;1;2;2;1;0;1;2;1;1;2;1;2;0,413889297474615;0,352006076019509;"boa";270,694464873731;"boa"
"p017_omit_q06";1;2;1;1;3;NA;2;1;2;2;2;3;2;1;2;2;1;0;1;2;1;1;2;1;2;0,441010351520124;0,350614291175445;"boa";272,050517576006;"boa"
"p017_omit_q07";1;2;1;1;3;1;NA;1;2;2;2;3;2;1;2;2;1;0;1;2;1;1;2;1;2;0,401482166477695;0,348373816431795;"boa";270,074108323885;"boa"
"p017_omit_q08";1;2;1;1;3;1;2;NA;2;2;2;3;2;1;2;2;1;0;1;2;1;1;2;1;2;0,420084777787645;0,351432963889781;"boa";271,004238889382;"boa"
"p017_omit_q09";1;2;1;1;3;1;2;1;NA;2;2;3;2;1;2;2;1;0;1;2;1;1;2;1;2;0,402252569961869;0,352475981324213;"boa";270,112628498093;"boa"
"p017_omit_q10";1;2;1;1;3;1;2;1;2;NA;2;3;2;1;2;2;1;0;1;2;1;1;2;1;2;0,326826318443339;0,355818085489669;"boa";266,341315922167;"boa"
"p017_omit_q11";1;2;1;1;3;1;2;1;2;2;NA;3;2;1;2;2;1;0;1;2;1;1;2;1;2;0,536872887552233;0,365283946865235;"muito boa";276,843644377612;"muito boa"
"p017_omit_q12";1;2;1;1;3;1;2;1;2;2;2;NA;2;1;2;2;1;0;1;2;1;1;2;1;2;0,395241696707392;0,352249556791496;"boa";269,76208483537;"boa"
"p017_omit_q13";1;2;1;1;3;1;2;1;2;2;2;3;NA;1;2;2;1;0;1;2;1;1;2;1;2;0,375687472987619;0,354433839235346;"boa";268,784373649381;"boa"
"p017_omit_q14";1;2;1;1;3;1;2;1;2;2;2;3;2;NA;2;2;1;0;1;2;1;1;2;1;2;0,471957545110632;0,348371934424687;"boa";273,597877255532;"boa"
"p017_omit_q15";1;2;1;1;3;1;2;1;2;2;2;3;2;1;NA;2;1;0;1;2;1;1;2;1;2;0,380457436560842;0,350136178602147;"boa";269,022871828042;"boa"
"p017_omit_q16";1;2;1;1;3;1;2;1;2;2;2;3;2;1;2;NA;1;0;1;2;1;1;2;1;2;0,401229360273475;0,349195265626538;"boa";270,061468013674;"boa"
"p017_omit_q17";1;2;1;1;3;1;2;1;2;2;2;3;2;1;2;2;NA;0;1;2;1;1;2;1;2;0,646381850820352;0,354043679514859;"muito boa";282,319092541018;"muito boa"
"p017_omit_q18";1;2;1;1;3;1;2;1;2;2;2;3;2;1;2;2;1;NA;1;2;1;1;2;1;2;0,566921439107138;0,349697579825809;"muito boa";278,346071955357;"muito boa"
"p017_omit_q19";1;2;1;1;3;1;2;1;2;2;2;3;2;1;2;2;1;0;NA;2;1;1;2;1;2;0,661498696386831;0,352584171341311;"muito boa";283,074934819342;"muito boa"
"p017_omit_q20";1;2;1;1;3;1;2;1;2;2;2;3;2;1;2;2;1;0;1;NA;1;1;2;1;2;0,331329296726905;0,358752671351012;"boa";266,566464836345;"boa"
"p017_omit_q21";1;2;1;1;3;1;2;1;2;2;2;3;2;1;2;2;1;0;1;2;NA;1;2;1;2;0,517552938062282;0,356453140467585;"muito boa";275,877646903114;"muito boa"
"p017_omit_q22";1;2;1;1;3;1;2;1;2;2;2;3;2;1;2;2;1;0;1;2;1;NA;2;1;2;0,631991396249738;0,362995813384727;"muito boa";281,599569812487;"muito boa"
"p017_omit_q23";1;2;1;1;3;1;2;1;2;2;2;3;2;1;2;2;1;0;1;2;1;1;NA;1;2;0,382379783656042;0,35334286057867;"boa";269,118989182802;"boa"
"p017_omit_q24";1;2;1;1;3;1;2;1;2;2;2;3;2;1;2;2;1;0;1;2;1;1;2;NA;2;0,708154396358771;0,354144461528155;"muito boa";285,407719817939;"muito boa"
"p017_omit_q25";1;2;1;1;3;1;2;1;2;2;2;3;2;1;2;2;1;0;1;2;1;1;2;1;NA;0,679824331948684;0,373501374146516;"muito boa";283,991216597434;"muito boa"
"p018_full";0;0;0;0;1;0;1;1;1;0;0;2;1;0;2;1;3;1;3;2;0;2;0;3;3;-0,178872882065144;0,334969227635189;"boa";241,056355896743;"boa"
"p018_omit_q01";NA;0;0;0;1;0;1;1;1;0;0;2;1;0;2;1;3;1;3;2;0;2;0;3;3;-0,0839997804459236;0,339346094577323;"boa";245,800010977704;"boa"
"p018_omit_q02";0;NA;0;0;1;0;1;1;1;0;0;2;1;0;2;1;3;1;3;2;0;2;0;3;3;-0,091946702483282;0,335214624281141;"boa";245,402664875836;"boa"
"p018_omit_q03";0;0;NA;0;1;0;1;1;1;0;0;2;1;0;2;1;3;1;3;2;0;2;0;3;3;-0,0726682098157888;0,333321601969283;"boa";246,366589509211;"boa"
"p018_omit_q04";0;0;0;NA;1;0;1;1;1;0;0;2;1;0;2;1;3;1;3;2;0;2;0;3;3;-0,0355076146490332;0,33173991463951;"boa";248,224619267548;"boa"
"p018_omit_q05";0;0;0;0;NA;0;1;1;1;0;0;2;1;0;2;1;3;1;3;2;0;2;0;3;3;-0,0847780107812084;0,335403810566867;"boa";245,76109946094;"boa"
"p018_omit_q06";0;0;0;0;1;NA;1;1;1;0;0;2;1;0;2;1;3;1;3;2;0;2;0;3;3;-0,128167829541163;0,337066531965445;"boa";243,591608522942;"boa"
"p018_omit_q07";0;0;0;0;1;0;NA;1;1;0;0;2;1;0;2;1;3;1;3;2;0;2;0;3;3;-0,221350461887163;0,340576317638561;"boa";238,932476905642;"boa"
"p018_omit_q08";0;0;0;0;1;0;1;NA;1;0;0;2;1;0;2;1;3;1;3;2;0;2;0;3;3;-0,250174509560082;0,34139847579422;"boa";237,491274521996;"boa"
"p018_omit_q09";0;0;0;0;1;0;1;1;NA;0;0;2;1;0;2;1;3;1;3;2;0;2;0;3;3;-0,220504587559438;0,34436148746711;"boa";238,974770622028;"boa"
"p018_omit_q10";0;0;0;0;1;0;1;1;1;NA;0;2;1;0;2;1;3;1;3;2;0;2;0;3;3;-0,0935305268513793;0,344813166498779;"boa";245,323473657431;"boa"
"p018_omit_q11";0;0;0;0;1;0;1;1;1;0;NA;2;1;0;2;1;3;1;3;2;0;2;0;3;3;-0,0295093145921133;0,333290396790688;"boa";248,524534270394;"boa"
"p018_omit_q12";0;0;0;0;1;0;1;1;1;0;0;NA;1;0;2;1;3;1;3;2;0;2;0;3;3;-0,193331979799741;0,345227524370973;"boa";240,333401010013;"boa"
"p018_omit_q13";0;0;0;0;1;0;1;1;1;0;0;2;NA;0;2;1;3;1;3;2;0;2;0;3;3;-0,219110622324116;0,348863683042985;"boa";239,044468883794;"boa"
"p018_omit_q14";0;0;0;0;1;0;1;1;1;0;0;2;1;NA;2;1;3;1;3;2;0;2;0;3;3;-0,0932925067968484;0,333831201304707;"boa";245,335374660158;"boa"
"p018_omit_q15";0;0;0;0;1;0;1;1;1;0;0;2;1;0;NA;1;3;1;3;2;0;2;0;3;3;-0,283033080093972;0,341053446729193;"boa";235,848345995301;"boa"
"p018_omit_q16";0;0;0;0;1;0;1;1;1;0;0;2;1;0;2;NA;3;1;3;2;0;2;0;3;3;-0,177667210787906;0,338664995503498;"boa";241,116639460605;"boa"
"p018_omit_q17";0;0;0;0;1;0;1;1;1;0;0;2;1;0;2;1;NA;1;3;2;0;2;0;3;3;-0,332962933174507;0,344112415165491;"boa";233,351853341275;"boa"
"p018_omit_q18";0;0;0;0;1;0;1;1;1;0;0;2;1;0;2;1;3;NA;3;2;0;2;0;3;3;-0,131315835154155;0,336819495780807;"boa";243,434208242292;"boa"
"p018_omit_q19";0;0;0;0;1;0;1;1;1;0;0;2;1;0;2;1;3;1;NA;2;0;2;0;3;3;-0,30994847896034;0,348467250373818;"boa";234,502576051983;"boa"
"p018_omit_q20";0;0;0;0;1;0;1;1;1;0;0;2;1;0;2;1;3;1;3;NA;0;2;0;3;3;-0,355454188980403;0,348053966088841;"boa";232,22729055098;"boa"
"p018_omit_q21";0;0;0;0;1;0;1;1;1;0;0;2;1;0;2;1;3;1;3;2;NA;2;0;3;3;-0,0646463857330156;0,334511941352115;"boa";246,767680713349;"boa"
"p018_omit_q22";0;0;0;0;1;0;1;1;1;0;0;2;1;0;2;1;3;1;3;2;0;NA;0;3;3;-0,284804804662627;0,352412495903733;"boa";235,759759766869;"boa"
"p018_omit_q23";0;0;0;0;1;0;1;1;1;0;0;2;1;0;2;1;3;1;3;2;0;2;NA;3;3;-0,0609569902480185;0,335257961733645;"boa";246,952150487599;"boa"
"p018_omit_q24";0;0;0;0;1;0;1;1;1;0;0;2;1;0;2;1;3;1;3;2;0;2;0;NA;3;-0,346197897956555;0,354286368636651;"boa";232,690105102172;"boa"
"p018_omit_q25";0;0;0;0;1;0;1;1;1;0;0;2;1;0;2;1;3;1;3;2;0;2;0;3;NA;-0,367052970208492;0,361520412427318;"boa";231,647351489575;"boa"
"p019_full";1;1;1;0;2;0;0;1;2;1;2;1;0;0;1;1;0;0;1;1;0;1;0;0;1;-1,37540335402207;0,316273114974105;"ruim";181,229832298896;"ruim"
"p019_omit_q01";NA;1;1;0;2;0;0;1;2;1;2;1;0;0;1;1;0;0;1;1;0;1;0;0;1;-1,47016579369268;0,320694877106995;"ruim";176,491710315366;"ruim"
"p019_omit_q02";1;NA;1;0;2;0;0;1;2;1;2;1;0;0;1;1;0;0;1;1;0;1;0;0;1;-1,39500068812226;0,322378079497363;"ruim";180,249965593887;"ruim"
"p019_omit_q03";1;1;NA;0;2;0;0;1;2;1;2;1;0;0;1;1;0;0;1;1;0;1;0;0;1;-1,39638067639717;0,318798432488377;"ruim";180,180966180141;"ruim"
"p019_omit_q04";1;1;1;NA;2;0;0;1;2;1;2;1;0;0;1;1;0;0;1;1;0;1;0;0;1;-1,25136574246935;0,319038925734744;"ruim";187,431712876532;"ruim"
"p019_omit_q05";1;1;1;0;NA;0;0;1;2;1;2;1;0;0;1;1;0;0;1;1;0;1;0;0;1;-1,39993836169049;0,321830718978767;"ruim";180,003081915476;"ruim"
"p019_omit_q06";1;1;1;0;2;NA;0;1;2;1;2;1;0;0;1;1;0;0;1;1;0;1;0;0;1;-1,35100046055118;0,3189337231908;"ruim";182,449976972441;"ruim"
"p019_omit_q07";1;1;1;0;2;0;NA;1;2;1;2;1;0;0;1;1;0;0;1;1;0;1;0;0;1;-1,35837791045512;0,318107549287143;"ruim";182,081104477244;"ruim"
"p019_omit_q08";1;1;1;0;2;0;0;NA;2;1;2;1;0;0;1;1;0;0;1;1;0;1;0;0;1;-1,45702179258042;0,317435033264308;"ruim";177,148910370979;"ruim"
"p019_omit_q09";1;1;1;0;2;0;0;1;NA;1;2;1;0;0;1;1;0;0;1;1;0;1;0;0;1;-1,46888854786233;0,316732663356976;"ruim";176,555572606883;"ruim"
"p019_omit_q10";1;1;1;0;2;0;0;1;2;NA;2;1;0;0;1;1;0;0;1;1;0;1;0;0;1;-1,52086912301194;0,319372104710748;"ruim";173,956543849403;"ruim"
"p019_omit_q11";1;1;1;0;2;0;0;1;2;1;NA;1;0;0;1;1;0;0;1;1;0;1;0;0;1;-1,47054694275625;0,32387187902271;"ruim";176,472652862187;"ruim"
"p019_omit_q12";1;1;1;0;2;0;0;1;2;1;2;NA;0;0;1;1;0;0;1;1;0;1;0;0;1;-1,35959084424592;0,324070000426967;"ruim";182,020457787704;"ruim"
"p019_omit_q13";1;1;1;0;2;0;0;1;2;1;2;1;NA;0;1;1;0;0;1;1;0;1;0;0;1;-1,34458943774482;0,321326314035396;"ruim";182,770528112759;"ruim"
"p019_omit_q14";1;1;1;0;2;0;0;1;2;1;2;1;0;NA;1;1;0;0;1;1;0;1;0;0;1;-1,30970340870768;0,318997497234412;"ruim";184,514829564616;"ruim"
"p019_omit_q15";1;1;1;0;2;0;0;1;2;1;2;1;0;0;NA;1;0;0;1;1;0;1;0;0;1;-1,43840777792836;0,320526546392802;"ruim";178,079611103582;"ruim"
"p019_omit_q16";1;1;1;0;2;0;0;1;2;1;2;1;0;0;1;NA;0;0;1;1;0;1;0;0;1;-1,39771097351092;0,31934021391822;"ruim";180,114451324454;"ruim"
"p019_omit_q17";1;1;1;0;2;0;0;1;2;1;2;1;0;0;1;1;NA;0;1;1;0;1;0;0;1;-1,240692785795;0,320583037408266;"ruim";187,96536071025;"ruim"
"p019_omit_q18";1;1;1;0;2;0;0;1;2;1;2;1;0;0;1;1;0;NA;1;1;0;1;0;0;1;-1,31000250711164;0,318041301584874;"ruim";184,499874644418;"ruim"
"p019_omit_q19";1;1;1;0;2;0;0;1;2;1;2;1;0;0;1;1;0;0;NA;1;0;1;0;0;1;-1,27116342094467;0,326882620001264;"ruim";186,441828952766;"ruim"
"p019_omit_q20";1;1;1;0;2;0;0;1;2;1;2;1;0;0;1;1;0;0;1;NA;0;1;0;0;1;-1,521911438465;0,322246256726574;"ruim";173,90442807675;"ruim"
"p019_omit_q21";1;1;1;0;2;0;0;1;2;1;2;1;0;0;1;1;0;0;1;1;NA;1;0;0;1;-1,29848636113103;0,321845823957282;"ruim";185,075681943448;"ruim"
"p019_omit_q22";1;1;1;0;2;0;0;1;2;1;2;1;0;0;1;1;0;0;1;1;0;NA;0;0;1;-1,42781101087628;0,331862229322766;"ruim";178,609449456186;"ruim"
"p019_omit_q23";1;1;1;0;2;0;0;1;2;1;2;1;0;0;1;1;0;0;1;1;0;1;NA;0;1;-1,30252293911488;0,322823582196184;"ruim";184,873853044256;"ruim"
"p019_omit_q24";1;1;1;0;2;0;0;1;2;1;2;1;0;0;1;1;0;0;1;1;0;1;0;NA;1;-1,2008225821451;0,323005079669786;"ruim";189,958870892745;"ruim"
"p019_omit_q25";1;1;1;0;2;0;0;1;2;1;2;1;0;0;1;1;0;0;1;1;0;1;0;0;NA;-1,2646950041748;0,3452257421024;"ruim";186,76524979126;"ruim"
"p020_full";0;0;1;0;2;0;0;0;1;1;3;2;2;1;0;0;0;1;1;1;2;2;1;0;0;-1,09938445104936;0,365532717941688;"ruim";195,030777447532;"ruim"
"p020_omit_q01";NA;0;1;0;2;0;0;0;1;1;3;2;2;1;0;0;0;1;1;1;2;2;1;0;0;-1,03419563735136;0,37404700365355;"ruim";198,290218132432;"ruim"
"p020_omit_q02";0;NA;1;0;2;0;0;0;1;1;3;2;2;1;0;0;0;1;1;1;2;2;1;0;0;-1,01666715189795;0,369582953922043;"ruim";199,166642405102;"ruim"
"p020_omit_q03";0;0;NA;0;2;0;0;0;1;1;3;2;2;1;0;0;0;1;1;1;2;2;1;0;0;-1,12211373182752;0,369242295605498;"ruim";193,894313408624;"ruim"
"p020_omit_q04";0;0;1;NA;2;0;0;0;1;1;3;2;2;1;0;0;0;1;1;1;2;2;1;0;0;-0,93229547722456;0,36494741503326;"boa";203,385226138772;"boa"
"p020_omit_q05";0;0;1;0;NA;0;0;0;1;1;3;2;2;1;0;0;0;1;1;1;2;2;1;0;0;-1,11917951585385;0,374629780691957;"ruim";194,041024207307;"ruim"
"p020_omit_q06";0;0;1;0;2;NA;0;0;1;1;3;2;2;1;0;0;0;1;1;1;2;2;1;0;0;-1,06081151753867;0,369113796510375;"ruim";196,959424123067;"ruim"
"p020_omit_q07";0;0;1;0;2;0;NA;0;1;1;3;2;2;1;0;0;0;1;1;1;2;2;1;0;0;-1,07248799723694;0,368066836935369;"ruim";196,375600138153;"ruim"
"p020_omit_q08";0;0;1;0;2;0;0;NA;1;1;3;2;2;1;0;0;0;1;1;1;2;2;1;0;0;-1,07475390062748;0,368666924996569;"ruim";196,262304968626;"ruim"
"p020_omit_q09";0;0;1;0;2;0;0;0;NA;1;3;2;2;1;0;0;0;1;1;1;2;2;1;0;0;-1,19116036209998;0,372732668438092;"ruim";190,441981895001;"ruim"
"p020_omit_q10";0;0;1;0;2;0;0;0;1;NA;3;2;2;1;0;0;0;1;1;1;2;2;1;0;0;-1,28539348436821;0,375138038898377;"ruim";185,73032578159;"ruim"
"p020_omit_q11";0;0;1;0;2;0;0;0;1;1;NA;2;2;1;0;0;0;1;1;1;2;2;1;0;0;-1,27742896798491;0,370075890690001;"ruim";186,128551600755;"ruim"
"p020_omit_q12";0;0;1;0;2;0;0;0;1;1;3;NA;2;1;0;0;0;1;1;1;2;2;1;0;0;-1,17427109274689;0,375913772348028;"ruim";191,286445362656;"ruim"
"p020_omit_q13";0;0;1;0;2;0;0;0;1;1;3;2;NA;1;0;0;0;1;1;1;2;2;1;0;0;-1,2614576677535;0,368883601611427;"ruim";186,927116612325;"ruim"
"p020_omit_q14";0;0;1;0;2;0;0;0;1;1;3;2;2;NA;0;0;0;1;1;1;2;2;1;0;0;-1,12285378889334;0,368626070300759;"ruim";193,857310555333;"ruim"
"p020_omit_q15";0;0;1;0;2;0;0;0;1;1;3;2;2;1;NA;0;0;1;1;1;2;2;1;0;0;-1,03564231301521;0,371319623830265;"ruim";198,217884349239;"ruim"
"p020_omit_q16";0;0;1;0;2;0;0;0;1;1;3;2;2;1;0;NA;0;1;1;1;2;2;1;0;0;-1,01622428032234;0,367927726837461;"ruim";199,188785983883;"ruim"
"p020_omit_q17";0;0;1;0;2;0;0;0;1;1;3;2;2;1;0;0;NA;1;1;1;2;2;1;0;0;-0,915433665334837;0,366133844060648;"boa";204,228316733258;"boa"
"p020_omit_q18";0;0;1;0;2;0;0;0;1;1;3;2;2;1;0;0;0;NA;1;1;2;2;1;0;0;-1,06555886617098;0,370079647976862;"ruim";196,722056691451;"ruim"
"p020_omit_q19";0;0;1;0;2;0;0;0;1;1;3;2;2;1;0;0;0;1;NA;1;2;2;1;0;0;-0,941139404382033;0,374229556804887;"boa";202,943029780898;"boa"
"p020_omit_q20";0;0;1;0;2;0;0;0;1;1;3;2;2;1;0;0;0;1;1;NA;2;2;1;0;0;-1,27977395398587;0,380889800114917;"ruim";186,011302300706;"ruim"
"p020_omit_q21";0;0;1;0;2;0;0;0;1;1;3;2;2;1;0;0;0;1;1;1;NA;2;1;0;0;-1,24478981904334;0,368640246891389;"ruim";187,760509047833;"ruim"
"p020_omit_q22";0;0;1;0;2;0;0;0;1;1;3;2;2;1;0;0;0;1;1;1;2;NA;1;0;0;-1,29251355692123;0,37525766987614;"ruim";185,374322153938;"ruim"
"p020_omit_q23";0;0;1;0;2;0;0;0;1;1;3;2;2;1;0;0;0;1;1;1;2;2;NA;0;0;-1,14700660355794;0,377281699082317;"ruim";192,649669822103;"ruim"
"p020_omit_q24";0;0;1;0;2;0;0;0;1;1;3;2;2;1;0;0;0;1;1;1;2;2;1;NA;0;-0,859825061648187;0,366700346069629;"boa";207,008746917591;"boa"
"p020_omit_q25";0;0;1;0;2;0;0;0;1;1;3;2;2;1;0;0;0;1;1;1;2;2;1;0;NA;-0,817690790516916;0,366921582048691;"boa";209,115460474154;"boa"
